link,title,question_html,answer_html,issued_at,fatwa_number,dar_ul_ifta,category_lvl_1,category_lvl_2,html_container
https://darulifta-deoband.com/home/ur/salah-prayer/23645,امام کے پیچھے مقتدی نے غلط لقمہ دیدیا اور امام نے اس لقمہ کو نہیں لیا اور نماز پوری کردی ،اب اس مقتدی کی نمازجس نے لقمہ دیا تھا ہوئی یااسے نماز دہرانی ہوگی؟,<h2><u> سوال: </u> امام کے پیچھے مقتدی نے غلط لقمہ دیدیا اور امام نے اس لقمہ کو نہیں لیا اور نماز پوری کردی ،اب اس مقتدی کی نمازجس نے لقمہ دیا تھا ہوئی یااسے نماز دہرانی ہوگی؟</h2>,"<p>بسم الله الرحمن الرحيم</p><p> فتوی(ب): 1252=1003-7/1431<br><br>صورتِ مذکورہ میں لقمہ دینے والے کی نماز بھی صحیح ہوگئی اور امام صاحب اور تمام مقتدیوں کی نماز صحیح ہوگئی۔<br></p><br><span style=""font-size:1.2em"">
								<p><strong>واللہ تعالیٰ اعلم</strong></p>
								<br class=""clear"">
								<p><strong>دارالافتاء،</strong><br>دارالعلوم دیوبند</p>
							</span>",01-Sep-2020,23645,darulifta-deoband.com,عبادات,صلاة (نماز),"<div id=""recent_fatwas"" class=""container tab-pane active""><br>
					<ul class=""answer_detail"">
												<li>
																					<div class=""cate_sec"">
								<p class=""category_name"">
									<span>
										عبادات									</span> 
									&gt;&gt; 
									<span>
																		<a href=""https://darulifta-deoband.com/ur/category/n-a/MTk="">صلاة (نماز)</a>
									</span>
								</p>
								<p class=""quesid""><span class=""anser_id_urdu""> سوال نمبر: 23645</span><!--<span class=""country_urdu"">  : ملک</span> --></p>
							</div>
							<h2><u> عنوان:</u> امام کے پیچھے مقتدی نے غلط لقمہ دیدیا اور امام نے اس لقمہ کو نہیں لیا اور نماز پوری کردی ،اب اس مقتدی کی نمازجس نے لقمہ دیا تھا ہوئی یااسے نماز دہرانی ہوگی؟</h2>
							<h2><u> سوال: </u> امام کے پیچھے مقتدی نے غلط لقمہ دیدیا اور امام نے اس لقمہ کو نہیں لیا اور نماز پوری کردی ،اب اس مقتدی کی نمازجس نے لقمہ دیا تھا ہوئی یااسے نماز دہرانی ہوگی؟</h2>
							<p class=""fatwa_answer""><span class=""ans_urdu_id""> جواب نمبر: 23645</span><span style=""color:#efefef;display:none;"" class=""answer_date_urdu"">01-Sep-2020 : تاریخ اشاعت </span></p>
							<p>بسم الله الرحمن الرحيم</p>
							<p> فتوی(ب): 1252=1003-7/1431<br><br>صورتِ مذکورہ میں لقمہ دینے والے کی نماز بھی صحیح ہوگئی اور امام صاحب اور تمام مقتدیوں کی نماز صحیح ہوگئی۔<br></p> 
							<br>
							<span style=""font-size:1.2em"">
								<p><strong>واللہ تعالیٰ اعلم</strong></p>
								<br class=""clear"">
								<p><strong>دارالافتاء،</strong><br>دارالعلوم دیوبند</p>
							</span>
						</li>
											</ul>
				</div>"
https://darulifta-deoband.com/home/ur/salah-prayer/23602,کیا ہم رکوع اور سجدے میں سات سے زیادہ مرتبہ تسبیح پڑھ سکتے ہیں؟,<h2><u> سوال: </u> کیا ہم رکوع اور سجدے میں سات سے زیادہ مرتبہ تسبیح پڑھ سکتے ہیں؟</h2>,"<p>بسم الله الرحمن الرحيم</p><p> فتوی(ل):1025=758-7/1431<br><br>طاق عدد کی رعایت کرتے ہوئے سات سے زیادہ مرتبہ بھی تسبیح پڑھ سکتے ہیں۔</p><br><span style=""font-size:1.2em"">
								<p><strong>واللہ تعالیٰ اعلم</strong></p>
								<br class=""clear"">
								<p><strong>دارالافتاء،</strong><br>دارالعلوم دیوبند</p>
							</span>",01-Sep-2020,23602,darulifta-deoband.com,عبادات,صلاة (نماز),"<div id=""recent_fatwas"" class=""container tab-pane active""><br>
					<ul class=""answer_detail"">
												<li>
																					<div class=""cate_sec"">
								<p class=""category_name"">
									<span>
										عبادات									</span> 
									&gt;&gt; 
									<span>
																		<a href=""https://darulifta-deoband.com/ur/category/n-a/MTk="">صلاة (نماز)</a>
									</span>
								</p>
								<p class=""quesid""><span class=""anser_id_urdu""> سوال نمبر: 23602</span><!--<span class=""country_urdu"">  : ملک</span> --></p>
							</div>
							<h2><u> عنوان:</u> کیا ہم رکوع اور سجدے میں سات سے زیادہ مرتبہ تسبیح پڑھ سکتے ہیں؟<br><br></h2>
							<h2><u> سوال: </u> کیا ہم رکوع اور سجدے میں سات سے زیادہ مرتبہ تسبیح پڑھ سکتے ہیں؟</h2>
							<p class=""fatwa_answer""><span class=""ans_urdu_id""> جواب نمبر: 23602</span><span style=""color:#efefef;display:none;"" class=""answer_date_urdu"">01-Sep-2020 : تاریخ اشاعت </span></p>
							<p>بسم الله الرحمن الرحيم</p>
							<p> فتوی(ل):1025=758-7/1431<br><br>طاق عدد کی رعایت کرتے ہوئے سات سے زیادہ مرتبہ بھی تسبیح پڑھ سکتے ہیں۔</p> 
							<br>
							<span style=""font-size:1.2em"">
								<p><strong>واللہ تعالیٰ اعلم</strong></p>
								<br class=""clear"">
								<p><strong>دارالافتاء،</strong><br>دارالعلوم دیوبند</p>
							</span>
						</li>
											</ul>
				</div>"
https://darulifta-deoband.com/home/ur/salah-prayer/23584,کیا حضور صلی اللہ علیہ وسلم سے نماز کے کسی رکن میں خاموش رہنا ثابت ہے؟ اگر نہیں ہے تو پھر جماعت کی نماز میں ، جلسے میں اذکار کیوں مسنون نہیں؟ تین چار سیکنڈ اگر ہر رکعت میں زیادہ لگ جائے تو کیا اس سے مقتدیوں کو گرانی ہوگی؟جب کہ بعض مرتبہ ائمہ مساجد قرأت میں کئی منٹ زیادہ لگادیتے ہیں اور قیام و جلسے سے زیادہ گرانی کا سبب ہوتاہے، پھر جلسے میں اذکار کی ترغیب کیوں نہیں دی جاتی ؟ حالانکہ وہ بھی رکوع اور سجدے ہی کی طرح مسنون اذکار ہیں؟,<h2><u> سوال: </u> کیا حضور صلی اللہ علیہ وسلم سے نماز کے کسی رکن میں خاموش رہنا ثابت ہے؟ اگر نہیں ہے تو پھر جماعت کی نماز میں ، جلسے میں اذکار کیوں مسنون نہیں؟ تین چار سیکنڈ اگر ہر رکعت میں زیادہ لگ جائے تو کیا اس سے مقتدیوں کو گرانی ہوگی؟جب کہ بعض مرتبہ ائمہ مساجد قرأت میں کئی منٹ زیادہ لگادیتے ہیں اور قیام و جلسے سے زیادہ گرانی کا سبب ہوتاہے، پھر جلسے میں اذکار کی ترغیب کیوں نہیں دی جاتی ؟ حالانکہ وہ بھی رکوع اور سجدے ہی کی طرح مسنون اذکار ہیں؟</h2>,"<p>بسم الله الرحمن الرحيم</p><p> فتوی(د): 1029=252-8/1431<br><br>جلسہ یا قومہ میں چونکہ فرض نمازوں میں کوئی ذکر مواظبت کے ساتھ ثابت نہیں ہے لہٰذا جلسہ یا قومہ کا ذکر فرض نمازوں میں جماعت کے ساتھ امام کے لیے مسنون نہیں ہے، قراء ت مسنونہ کی وجہ سے نماز میں تاخیر باعث اشکال نہیں کیونکہ قراء ت کی اتنی مقدار جناب نبی کریم صلی اللہ علیہ وسلم سے ثابت ہے، البتہ جلسے اور قومہ کی دعائیں چونکہ حضور صلی اللہ علیہ وسلم سے مواظبةً فرض نمازوں میں جماعت کے ساتھ ثابت نہیں ہے اس لیے ان کو پڑھنے میں حرج ہے، نیز جلسے اور قومے کی دعائیں رکوع وسجدہ کے اذکار کی طرح مسنون نہیں ہیں، لہٰذا فرض نماز میں اگر مقتدیوں پر جلسہ یا قومہ کی دعائیں پڑھنے کے سبب گرانی اور بوجھ کا اندیشہ ہو تو ان کو نہیں پڑھنا چاہیے: کما في البحر الرائق ولم یذکر المصنف بین السجدتین ذکرًا مسنونًا وھو المذہب عندنا وکذا بعد الرفع من الرکوع وما ورد فیھا من الدعاء محمول علی التہجد قال یعقوب سألت أبا حنیفة عن الرجل یرفع رأسہ من الرکوع في الفریضة أیقول اللہم اغفر لي قال یقول ربنا لک الحمد وسکت وکذلک بین السجدتین فقد أحسن حیث لم ینھہ عن الاستغفار صریحًا من قوة احترازہ (البحر الرائق: ۱/۵۶۱، کتاب الصلاة، باس صلة الصلاة، زکریا) وفي الدر المختار ویجلس بین السجدتین مطمئنًا ولیس بینہما ذکر مسنون علی المذہب وماورد محمول علی النفل وفي الشامي تحتہ محمول علی النفل أي تہجدًا أو غیرہ ثم الحمل المذکور صرح بہ المشائخ في الوارد في الرکوع والسجود وصرح بہ في الحلیة في الوارد في القومة والجلسة وقال علی أنہ إن ثبت في المکتوبة فلیکن في حالة الإنفراد أو الجماعة والمأمومون محصورون لا یتثقلون بذلک (کتاب الصلاة، فصل إذا أراد الشروع: ۲/۲۱۲، زکریا)<br></p><br><span style=""font-size:1.2em"">
								<p><strong>واللہ تعالیٰ اعلم</strong></p>
								<br class=""clear"">
								<p><strong>دارالافتاء،</strong><br>دارالعلوم دیوبند</p>
							</span>",01-Sep-2020,23584,darulifta-deoband.com,عبادات,صلاة (نماز),"<div id=""recent_fatwas"" class=""container tab-pane active""><br>
					<ul class=""answer_detail"">
												<li>
																					<div class=""cate_sec"">
								<p class=""category_name"">
									<span>
										عبادات									</span> 
									&gt;&gt; 
									<span>
																		<a href=""https://darulifta-deoband.com/ur/category/n-a/MTk="">صلاة (نماز)</a>
									</span>
								</p>
								<p class=""quesid""><span class=""anser_id_urdu""> سوال نمبر: 23584</span><!--<span class=""country_urdu"">  : ملک</span> --></p>
							</div>
							<h2><u> عنوان:</u> کیا حضور صلی اللہ علیہ وسلم سے نماز کے کسی رکن میں خاموش رہنا ثابت ہے؟ اگر نہیں ہے تو پھر جماعت کی نماز میں ، جلسے میں اذکار کیوں مسنون نہیں؟ تین چار سیکنڈ اگر ہر رکعت میں زیادہ لگ جائے تو کیا اس سے مقتدیوں کو گرانی ہوگی؟جب کہ بعض مرتبہ ائمہ مساجد قرأت میں کئی منٹ زیادہ لگادیتے ہیں اور قیام و جلسے سے زیادہ گرانی کا سبب ہوتاہے، پھر جلسے میں اذکار کی ترغیب کیوں نہیں دی جاتی ؟ حالانکہ وہ بھی رکوع اور سجدے ہی کی طرح مسنون اذکار ہیں؟</h2>
							<h2><u> سوال: </u> کیا حضور صلی اللہ علیہ وسلم سے نماز کے کسی رکن میں خاموش رہنا ثابت ہے؟ اگر نہیں ہے تو پھر جماعت کی نماز میں ، جلسے میں اذکار کیوں مسنون نہیں؟ تین چار سیکنڈ اگر ہر رکعت میں زیادہ لگ جائے تو کیا اس سے مقتدیوں کو گرانی ہوگی؟جب کہ بعض مرتبہ ائمہ مساجد قرأت میں کئی منٹ زیادہ لگادیتے ہیں اور قیام و جلسے سے زیادہ گرانی کا سبب ہوتاہے، پھر جلسے میں اذکار کی ترغیب کیوں نہیں دی جاتی ؟ حالانکہ وہ بھی رکوع اور سجدے ہی کی طرح مسنون اذکار ہیں؟</h2>
							<p class=""fatwa_answer""><span class=""ans_urdu_id""> جواب نمبر: 23584</span><span style=""color:#efefef;display:none;"" class=""answer_date_urdu"">01-Sep-2020 : تاریخ اشاعت </span></p>
							<p>بسم الله الرحمن الرحيم</p>
							<p> فتوی(د): 1029=252-8/1431<br><br>جلسہ یا قومہ میں چونکہ فرض نمازوں میں کوئی ذکر مواظبت کے ساتھ ثابت نہیں ہے لہٰذا جلسہ یا قومہ کا ذکر فرض نمازوں میں جماعت کے ساتھ امام کے لیے مسنون نہیں ہے، قراء ت مسنونہ کی وجہ سے نماز میں تاخیر باعث اشکال نہیں کیونکہ قراء ت کی اتنی مقدار جناب نبی کریم صلی اللہ علیہ وسلم سے ثابت ہے، البتہ جلسے اور قومہ کی دعائیں چونکہ حضور صلی اللہ علیہ وسلم سے مواظبةً فرض نمازوں میں جماعت کے ساتھ ثابت نہیں ہے اس لیے ان کو پڑھنے میں حرج ہے، نیز جلسے اور قومے کی دعائیں رکوع وسجدہ کے اذکار کی طرح مسنون نہیں ہیں، لہٰذا فرض نماز میں اگر مقتدیوں پر جلسہ یا قومہ کی دعائیں پڑھنے کے سبب گرانی اور بوجھ کا اندیشہ ہو تو ان کو نہیں پڑھنا چاہیے: کما في البحر الرائق ولم یذکر المصنف بین السجدتین ذکرًا مسنونًا وھو المذہب عندنا وکذا بعد الرفع من الرکوع وما ورد فیھا من الدعاء محمول علی التہجد قال یعقوب سألت أبا حنیفة عن الرجل یرفع رأسہ من الرکوع في الفریضة أیقول اللہم اغفر لي قال یقول ربنا لک الحمد وسکت وکذلک بین السجدتین فقد أحسن حیث لم ینھہ عن الاستغفار صریحًا من قوة احترازہ (البحر الرائق: ۱/۵۶۱، کتاب الصلاة، باس صلة الصلاة، زکریا) وفي الدر المختار ویجلس بین السجدتین مطمئنًا ولیس بینہما ذکر مسنون علی المذہب وماورد محمول علی النفل وفي الشامي تحتہ محمول علی النفل أي تہجدًا أو غیرہ ثم الحمل المذکور صرح بہ المشائخ في الوارد في الرکوع والسجود وصرح بہ في الحلیة في الوارد في القومة والجلسة وقال علی أنہ إن ثبت في المکتوبة فلیکن في حالة الإنفراد أو الجماعة والمأمومون محصورون لا یتثقلون بذلک (کتاب الصلاة، فصل إذا أراد الشروع: ۲/۲۱۲، زکریا)<br></p> 
							<br>
							<span style=""font-size:1.2em"">
								<p><strong>واللہ تعالیٰ اعلم</strong></p>
								<br class=""clear"">
								<p><strong>دارالافتاء،</strong><br>دارالعلوم دیوبند</p>
							</span>
						</li>
											</ul>
				</div>"
https://darulifta-deoband.com/home/ur/salah-prayer/23582,کیا بغیر داڑھی والے شخص کے پیچھے داڑھی والے شخص کی نماز ہوجاتی ہے؟ اور اگر کوئی پڑھ لے تو کیا اس نماز کا دہرانا واجب ہے؟,<h2><u> سوال: </u> کیا بغیر داڑھی والے شخص کے پیچھے داڑھی والے شخص کی نماز ہوجاتی ہے؟ اور اگر کوئی پڑھ لے تو کیا اس نماز کا دہرانا واجب ہے؟</h2>,"<p>بسم الله الرحمن الرحيم</p><p> فتوی(ل): 1067=801-7/1431<br><br>ڈاڑھی منڈانے والے کے پیچھے نماز مکروہ ہوتی ہے، البتہ ایسی نماز کا دہرانا واجب نہیں۔<br></p><br><span style=""font-size:1.2em"">
								<p><strong>واللہ تعالیٰ اعلم</strong></p>
								<br class=""clear"">
								<p><strong>دارالافتاء،</strong><br>دارالعلوم دیوبند</p>
							</span>",01-Sep-2020,23582,darulifta-deoband.com,عبادات,صلاة (نماز),"<div id=""recent_fatwas"" class=""container tab-pane active""><br>
					<ul class=""answer_detail"">
												<li>
																					<div class=""cate_sec"">
								<p class=""category_name"">
									<span>
										عبادات									</span> 
									&gt;&gt; 
									<span>
																		<a href=""https://darulifta-deoband.com/ur/category/n-a/MTk="">صلاة (نماز)</a>
									</span>
								</p>
								<p class=""quesid""><span class=""anser_id_urdu""> سوال نمبر: 23582</span><!--<span class=""country_urdu"">  : ملک</span> --></p>
							</div>
							<h2><u> عنوان:</u> کیا بغیر داڑھی والے شخص کے پیچھے داڑھی والے شخص کی نماز ہوجاتی ہے؟ اور اگر کوئی پڑھ لے تو کیا اس نماز کا دہرانا واجب ہے؟</h2>
							<h2><u> سوال: </u> کیا بغیر داڑھی والے شخص کے پیچھے داڑھی والے شخص کی نماز ہوجاتی ہے؟ اور اگر کوئی پڑھ لے تو کیا اس نماز کا دہرانا واجب ہے؟</h2>
							<p class=""fatwa_answer""><span class=""ans_urdu_id""> جواب نمبر: 23582</span><span style=""color:#efefef;display:none;"" class=""answer_date_urdu"">01-Sep-2020 : تاریخ اشاعت </span></p>
							<p>بسم الله الرحمن الرحيم</p>
							<p> فتوی(ل): 1067=801-7/1431<br><br>ڈاڑھی منڈانے والے کے پیچھے نماز مکروہ ہوتی ہے، البتہ ایسی نماز کا دہرانا واجب نہیں۔<br></p> 
							<br>
							<span style=""font-size:1.2em"">
								<p><strong>واللہ تعالیٰ اعلم</strong></p>
								<br class=""clear"">
								<p><strong>دارالافتاء،</strong><br>دارالعلوم دیوبند</p>
							</span>
						</li>
											</ul>
				</div>"
https://darulifta-deoband.com/home/ur/salah-prayer/23511,گھر میں علیحدہ فرض نماز پڑھنے پر تکبیر کے سلسلے میں کیا حکم ہے؟,<h2><u> سوال: </u> گھر میں علیحدہ فرض نماز پڑھنے پر تکبیر کے سلسلے میں کیا حکم ہے؟</h2>,"<p>بسم الله الرحمن الرحيم</p><p> فتوی(د): 1020=814-7/1431<br><br>تکبیر (اقامت) کہہ کر نماز پڑھنا مسنون ہے، مگر غیر موٴکد۔ قال في نور الإیضاح: سُن الأذان والإقامة سنة موٴکدة للفرائض ولو منفردًا أو قضاءً سفرًا او حضرًا للرجال۔ قال في حاشیة المراقي إتیان المنفرد بہ علی سبیل الأفضلیة فلا یسن فی حقہ موٴکدًا والمکروہ لہ ترک الأذان والإقامة معًا حتی لو ترک الأذان وأتی بالإقامة لا یکرہ کما في البحر․ (حاشیة طحطاوي علی مراقي الفلاح: ۱۹۴)<br></p><br><span style=""font-size:1.2em"">
								<p><strong>واللہ تعالیٰ اعلم</strong></p>
								<br class=""clear"">
								<p><strong>دارالافتاء،</strong><br>دارالعلوم دیوبند</p>
							</span>",01-Sep-2020,23511,darulifta-deoband.com,عبادات,صلاة (نماز),"<div id=""recent_fatwas"" class=""container tab-pane active""><br>
					<ul class=""answer_detail"">
												<li>
																					<div class=""cate_sec"">
								<p class=""category_name"">
									<span>
										عبادات									</span> 
									&gt;&gt; 
									<span>
																		<a href=""https://darulifta-deoband.com/ur/category/n-a/MTk="">صلاة (نماز)</a>
									</span>
								</p>
								<p class=""quesid""><span class=""anser_id_urdu""> سوال نمبر: 23511</span><!--<span class=""country_urdu"">  : ملک</span> --></p>
							</div>
							<h2><u> عنوان:</u> گھر میں علیحدہ فرض نماز پڑھنے پر تکبیر کے سلسلے میں کیا حکم ہے؟</h2>
							<h2><u> سوال: </u> گھر میں علیحدہ فرض نماز پڑھنے پر تکبیر کے سلسلے میں کیا حکم ہے؟</h2>
							<p class=""fatwa_answer""><span class=""ans_urdu_id""> جواب نمبر: 23511</span><span style=""color:#efefef;display:none;"" class=""answer_date_urdu"">01-Sep-2020 : تاریخ اشاعت </span></p>
							<p>بسم الله الرحمن الرحيم</p>
							<p> فتوی(د): 1020=814-7/1431<br><br>تکبیر (اقامت) کہہ کر نماز پڑھنا مسنون ہے، مگر غیر موٴکد۔ قال في نور الإیضاح: سُن الأذان والإقامة سنة موٴکدة للفرائض ولو منفردًا أو قضاءً سفرًا او حضرًا للرجال۔ قال في حاشیة المراقي إتیان المنفرد بہ علی سبیل الأفضلیة فلا یسن فی حقہ موٴکدًا والمکروہ لہ ترک الأذان والإقامة معًا حتی لو ترک الأذان وأتی بالإقامة لا یکرہ کما في البحر․ (حاشیة طحطاوي علی مراقي الفلاح: ۱۹۴)<br></p> 
							<br>
							<span style=""font-size:1.2em"">
								<p><strong>واللہ تعالیٰ اعلم</strong></p>
								<br class=""clear"">
								<p><strong>دارالافتاء،</strong><br>دارالعلوم دیوبند</p>
							</span>
						</li>
											</ul>
				</div>"
https://darulifta-deoband.com/home/ur/salah-prayer/23509,براہ کرم، حدیث کے حوالے سے بتائیں کہ رفع یدین کی کیا اہمیت ہے؟ ۔ اللہ آپ کو اس کااجردے ۔,<h2><u> سوال: </u> براہ کرم، حدیث کے حوالے سے بتائیں کہ رفع یدین کی کیا اہمیت ہے؟ ۔ اللہ آپ کو اس کااجردے ۔ </h2>,"<p>بسم الله الرحمن الرحيم</p><p> فتوی(م): 1089=1089-7/1431<br><br>رفع یدین یعنی دونوں ہاتھ اٹھانا یہ نماز میں صرف تکبیر تحریمہ کے وقت مسنون ومستحب ہے، تکبیر تحریمہ کے علاوہ دوسرے مواقع پر رفع یدین بہتر نہیں۔ حدیث میں ہے: قال عبد اللہ بن مسعود ألا أصلي بکم صلاة رسول اللہ صلی اللہ علیہ وسلم فصلی فلم یرفع یدیہ إلا في أول مرة․ (أبوداوٴد، ترمذي)<br></p><br><span style=""font-size:1.2em"">
								<p><strong>واللہ تعالیٰ اعلم</strong></p>
								<br class=""clear"">
								<p><strong>دارالافتاء،</strong><br>دارالعلوم دیوبند</p>
							</span>",01-Sep-2020,23509,darulifta-deoband.com,عبادات,صلاة (نماز),"<div id=""recent_fatwas"" class=""container tab-pane active""><br>
					<ul class=""answer_detail"">
												<li>
																					<div class=""cate_sec"">
								<p class=""category_name"">
									<span>
										عبادات									</span> 
									&gt;&gt; 
									<span>
																		<a href=""https://darulifta-deoband.com/ur/category/n-a/MTk="">صلاة (نماز)</a>
									</span>
								</p>
								<p class=""quesid""><span class=""anser_id_urdu""> سوال نمبر: 23509</span><!--<span class=""country_urdu"">  : ملک</span> --></p>
							</div>
							<h2><u> عنوان:</u> براہ کرم، حدیث کے حوالے سے بتائیں کہ رفع یدین کی کیا اہمیت ہے؟ ۔ اللہ آپ کو اس کااجردے ۔</h2>
							<h2><u> سوال: </u> براہ کرم، حدیث کے حوالے سے بتائیں کہ رفع یدین کی کیا اہمیت ہے؟ ۔ اللہ آپ کو اس کااجردے ۔ </h2>
							<p class=""fatwa_answer""><span class=""ans_urdu_id""> جواب نمبر: 23509</span><span style=""color:#efefef;display:none;"" class=""answer_date_urdu"">01-Sep-2020 : تاریخ اشاعت </span></p>
							<p>بسم الله الرحمن الرحيم</p>
							<p> فتوی(م): 1089=1089-7/1431<br><br>رفع یدین یعنی دونوں ہاتھ اٹھانا یہ نماز میں صرف تکبیر تحریمہ کے وقت مسنون ومستحب ہے، تکبیر تحریمہ کے علاوہ دوسرے مواقع پر رفع یدین بہتر نہیں۔ حدیث میں ہے: قال عبد اللہ بن مسعود ألا أصلي بکم صلاة رسول اللہ صلی اللہ علیہ وسلم فصلی فلم یرفع یدیہ إلا في أول مرة․ (أبوداوٴد، ترمذي)<br></p> 
							<br>
							<span style=""font-size:1.2em"">
								<p><strong>واللہ تعالیٰ اعلم</strong></p>
								<br class=""clear"">
								<p><strong>دارالافتاء،</strong><br>دارالعلوم دیوبند</p>
							</span>
						</li>
											</ul>
				</div>"
https://darulifta-deoband.com/home/ur/salah-prayer/23486,سوال یہ ہے کہ لوگ کہتے ہیں کہ اذان کے وقت ہر کام چھوڑدینا چاہئے ورنہ موت کے وقت کلمہ نصیب نہیں ہوتاہے، کیا یہ درست ہے؟,<h2><u> سوال: </u> سوال یہ ہے کہ لوگ کہتے ہیں کہ اذان کے وقت ہر کام چھوڑدینا چاہئے ورنہ موت کے وقت کلمہ نصیب نہیں ہوتاہے، کیا یہ درست ہے؟</h2>,"<p>بسم الله الرحمن الرحيم</p><p> فتوی(ل): 1059=782-7/1431<br><br>اذان کے وقت اذان کا جواب دینا چاہیے، باتیں بند کردینا چاہیے، یہ طریقہ ناپسند ہے کہ باتیں ہوتی رہیں اوراذان کا جواب نہ دیا جائے، مگر یہ بات غلط ہے کہ ایسے شخص کو مرتے وقت کلمہ نصیب نہ ہوگا۔ (فتاویٰ محمودیہ: ۵/۴۲۹، ط: ڈابھیل)<br></p><br><span style=""font-size:1.2em"">
								<p><strong>واللہ تعالیٰ اعلم</strong></p>
								<br class=""clear"">
								<p><strong>دارالافتاء،</strong><br>دارالعلوم دیوبند</p>
							</span>",01-Sep-2020,23486,darulifta-deoband.com,عبادات,صلاة (نماز),"<div id=""recent_fatwas"" class=""container tab-pane active""><br>
					<ul class=""answer_detail"">
												<li>
																					<div class=""cate_sec"">
								<p class=""category_name"">
									<span>
										عبادات									</span> 
									&gt;&gt; 
									<span>
																		<a href=""https://darulifta-deoband.com/ur/category/n-a/MTk="">صلاة (نماز)</a>
									</span>
								</p>
								<p class=""quesid""><span class=""anser_id_urdu""> سوال نمبر: 23486</span><!--<span class=""country_urdu"">  : ملک</span> --></p>
							</div>
							<h2><u> عنوان:</u> سوال یہ ہے کہ لوگ کہتے ہیں کہ اذان کے وقت ہر کام چھوڑدینا چاہئے ورنہ موت کے وقت کلمہ نصیب نہیں ہوتاہے، کیا یہ درست ہے؟</h2>
							<h2><u> سوال: </u> سوال یہ ہے کہ لوگ کہتے ہیں کہ اذان کے وقت ہر کام چھوڑدینا چاہئے ورنہ موت کے وقت کلمہ نصیب نہیں ہوتاہے، کیا یہ درست ہے؟</h2>
							<p class=""fatwa_answer""><span class=""ans_urdu_id""> جواب نمبر: 23486</span><span style=""color:#efefef;display:none;"" class=""answer_date_urdu"">01-Sep-2020 : تاریخ اشاعت </span></p>
							<p>بسم الله الرحمن الرحيم</p>
							<p> فتوی(ل): 1059=782-7/1431<br><br>اذان کے وقت اذان کا جواب دینا چاہیے، باتیں بند کردینا چاہیے، یہ طریقہ ناپسند ہے کہ باتیں ہوتی رہیں اوراذان کا جواب نہ دیا جائے، مگر یہ بات غلط ہے کہ ایسے شخص کو مرتے وقت کلمہ نصیب نہ ہوگا۔ (فتاویٰ محمودیہ: ۵/۴۲۹، ط: ڈابھیل)<br></p> 
							<br>
							<span style=""font-size:1.2em"">
								<p><strong>واللہ تعالیٰ اعلم</strong></p>
								<br class=""clear"">
								<p><strong>دارالافتاء،</strong><br>دارالعلوم دیوبند</p>
							</span>
						</li>
											</ul>
				</div>"
https://darulifta-deoband.com/home/ur/salah-prayer/23468,کیا نماز پڑھتے وقت ٹوپی پہننا ضروری ہے؟اگر ضروری ہے تو براہ کرم، بتائیں کس کتاب میں یہ حدیث مذکور ہے، چونکہ کچھ لوگ جیسے سلفی، شافعی وغیرہ کہتے ہیں کہ یہ ضروری نہیں ہے۔,<h2><u> سوال: </u> کیا نماز پڑھتے وقت ٹوپی پہننا ضروری ہے؟اگر ضروری ہے تو براہ کرم، بتائیں کس کتاب میں یہ حدیث مذکور ہے، چونکہ کچھ لوگ جیسے سلفی، شافعی وغیرہ کہتے ہیں کہ یہ ضروری نہیں ہے۔</h2>,"<p>بسم الله الرحمن الرحيم</p><p> فتوی(د):1009=212-7/1431<br><br>ٹوپی پہننا مسلمانوں کا شعار ہے، رسول اللہ صلی اللہ علیہ وسلم اور صحابہٴ کرام سے ٹوپی پہننا ثابت ہے، ترمذی شریف کی روایت ہے: عن أبي کبشة قال کان کمام أصحاب رسول اللہ صلی اللہ علیہ وسلم بُطحا رواہ الترمذي کِمام جمع کمة ہي القلنسوة المدورة بطحًا أي مبسوطة علی روٴوسہم ولازقة علی روٴوسہم غیر مرتفعةٍ (مرقاة) وعن رکانة عن النبي صلی اللہ علیہ وسلم قال فرق ما بیننا وبین المشرکین العمائم علی القلانس رواہ الترمذي (مشکاة: ۳۷۴) پہلی روایت سے صحابہٴ کرام کی جماعت کا ٹوپی پہننا ثابت ہوا اور دوسری روایت سے معلوم ہوا کہ عمامہ کے باوجود نیچے ٹوپی پہننا مسلمانوں کا شعار ہے، جب عام حالات میں ٹوپی پہننا ثابت ہوا تو نماز میں بدرجہٴ اولی، اسی لیے فقہاء نے ٹوپی پہننے کو نماز کے آداب میں سے لکھا ہے، اگر احیاناً کبھی بھول جائے تو مضائقہ نہیں؛ لیکن کسل مندی سے اس کا ترک کرنا گناہ ہے۔ قال في الدر وکرہ․․․ وصلاتہ حاسرًا أي کاشفا رأسہ للتکاسل ولا بأس بہ للتذلل وأما للإہانة فکفر اور اس کی عادت ڈالنا سخت گناہ ہے اور استخفافاً ترک کرنے میں اندیشہٴ کفر ہے۔ (شامي: ۱/۴۷۴)</p><br><span style=""font-size:1.2em"">
								<p><strong>واللہ تعالیٰ اعلم</strong></p>
								<br class=""clear"">
								<p><strong>دارالافتاء،</strong><br>دارالعلوم دیوبند</p>
							</span>",01-Sep-2020,23468,darulifta-deoband.com,عبادات,صلاة (نماز),"<div id=""recent_fatwas"" class=""container tab-pane active""><br>
					<ul class=""answer_detail"">
												<li>
																					<div class=""cate_sec"">
								<p class=""category_name"">
									<span>
										عبادات									</span> 
									&gt;&gt; 
									<span>
																		<a href=""https://darulifta-deoband.com/ur/category/n-a/MTk="">صلاة (نماز)</a>
									</span>
								</p>
								<p class=""quesid""><span class=""anser_id_urdu""> سوال نمبر: 23468</span><!--<span class=""country_urdu"">  : ملک</span> --></p>
							</div>
							<h2><u> عنوان:</u> کیا نماز پڑھتے وقت ٹوپی پہننا ضروری ہے؟اگر ضروری ہے تو براہ کرم، بتائیں کس کتاب میں یہ حدیث مذکور ہے، چونکہ کچھ لوگ جیسے سلفی، شافعی وغیرہ کہتے ہیں کہ یہ ضروری نہیں ہے۔<br><br></h2>
							<h2><u> سوال: </u> کیا نماز پڑھتے وقت ٹوپی پہننا ضروری ہے؟اگر ضروری ہے تو براہ کرم، بتائیں کس کتاب میں یہ حدیث مذکور ہے، چونکہ کچھ لوگ جیسے سلفی، شافعی وغیرہ کہتے ہیں کہ یہ ضروری نہیں ہے۔</h2>
							<p class=""fatwa_answer""><span class=""ans_urdu_id""> جواب نمبر: 23468</span><span style=""color:#efefef;display:none;"" class=""answer_date_urdu"">01-Sep-2020 : تاریخ اشاعت </span></p>
							<p>بسم الله الرحمن الرحيم</p>
							<p> فتوی(د):1009=212-7/1431<br><br>ٹوپی پہننا مسلمانوں کا شعار ہے، رسول اللہ صلی اللہ علیہ وسلم اور صحابہٴ کرام سے ٹوپی پہننا ثابت ہے، ترمذی شریف کی روایت ہے: عن أبي کبشة قال کان کمام أصحاب رسول اللہ صلی اللہ علیہ وسلم بُطحا رواہ الترمذي کِمام جمع کمة ہي القلنسوة المدورة بطحًا أي مبسوطة علی روٴوسہم ولازقة علی روٴوسہم غیر مرتفعةٍ (مرقاة) وعن رکانة عن النبي صلی اللہ علیہ وسلم قال فرق ما بیننا وبین المشرکین العمائم علی القلانس رواہ الترمذي (مشکاة: ۳۷۴) پہلی روایت سے صحابہٴ کرام کی جماعت کا ٹوپی پہننا ثابت ہوا اور دوسری روایت سے معلوم ہوا کہ عمامہ کے باوجود نیچے ٹوپی پہننا مسلمانوں کا شعار ہے، جب عام حالات میں ٹوپی پہننا ثابت ہوا تو نماز میں بدرجہٴ اولی، اسی لیے فقہاء نے ٹوپی پہننے کو نماز کے آداب میں سے لکھا ہے، اگر احیاناً کبھی بھول جائے تو مضائقہ نہیں؛ لیکن کسل مندی سے اس کا ترک کرنا گناہ ہے۔ قال في الدر وکرہ․․․ وصلاتہ حاسرًا أي کاشفا رأسہ للتکاسل ولا بأس بہ للتذلل وأما للإہانة فکفر اور اس کی عادت ڈالنا سخت گناہ ہے اور استخفافاً ترک کرنے میں اندیشہٴ کفر ہے۔ (شامي: ۱/۴۷۴)</p> 
							<br>
							<span style=""font-size:1.2em"">
								<p><strong>واللہ تعالیٰ اعلم</strong></p>
								<br class=""clear"">
								<p><strong>دارالافتاء،</strong><br>دارالعلوم دیوبند</p>
							</span>
						</li>
											</ul>
				</div>"
https://darulifta-deoband.com/home/ur/salah-prayer/23429,اگر نماز میں شرمگاہ میں جان سی آجائے تو کیا نماز فاسد ہوجاتی ہے؟,<h2><u> سوال: </u> اگر نماز میں شرمگاہ میں جان سی آجائے تو کیا نماز فاسد ہوجاتی ہے؟</h2>,"<p>بسم الله الرحمن الرحيم</p><p> فتوی(م):985=985-6/1431<br><br>اگر دوران نماز شرم گاہ سے مذی وغیرہ باہر نکل آئے تو نماز ٹوٹ جائے گی، ورنہ نہیں۔<br><br></p><br><span style=""font-size:1.2em"">
								<p><strong>واللہ تعالیٰ اعلم</strong></p>
								<br class=""clear"">
								<p><strong>دارالافتاء،</strong><br>دارالعلوم دیوبند</p>
							</span>",31-Aug-2020,23429,darulifta-deoband.com,عبادات,صلاة (نماز),"<div id=""recent_fatwas"" class=""container tab-pane active""><br>
					<ul class=""answer_detail"">
												<li>
																					<div class=""cate_sec"">
								<p class=""category_name"">
									<span>
										عبادات									</span> 
									&gt;&gt; 
									<span>
																		<a href=""https://darulifta-deoband.com/ur/category/n-a/MTk="">صلاة (نماز)</a>
									</span>
								</p>
								<p class=""quesid""><span class=""anser_id_urdu""> سوال نمبر: 23429</span><!--<span class=""country_urdu"">  : ملک</span> --></p>
							</div>
							<h2><u> عنوان:</u> اگر نماز میں شرمگاہ میں جان سی آجائے تو کیا نماز فاسد ہوجاتی ہے؟</h2>
							<h2><u> سوال: </u> اگر نماز میں شرمگاہ میں جان سی آجائے تو کیا نماز فاسد ہوجاتی ہے؟</h2>
							<p class=""fatwa_answer""><span class=""ans_urdu_id""> جواب نمبر: 23429</span><span style=""color:#efefef;display:none;"" class=""answer_date_urdu"">31-Aug-2020 : تاریخ اشاعت </span></p>
							<p>بسم الله الرحمن الرحيم</p>
							<p> فتوی(م):985=985-6/1431<br><br>اگر دوران نماز شرم گاہ سے مذی وغیرہ باہر نکل آئے تو نماز ٹوٹ جائے گی، ورنہ نہیں۔<br><br></p> 
							<br>
							<span style=""font-size:1.2em"">
								<p><strong>واللہ تعالیٰ اعلم</strong></p>
								<br class=""clear"">
								<p><strong>دارالافتاء،</strong><br>دارالعلوم دیوبند</p>
							</span>
						</li>
											</ul>
				</div>"
https://darulifta-deoband.com/home/ur/salah-prayer/23393,نماز میں ہم اپنے پیر کہاں رکھیں؟ہم جماعت کے ساتھ نماز پڑھتے وقت اپنے پیر دوسرے نماز ی کے پیر کے ساتھ کیوں نہیں ملاتے ہیں؟,<h2><u> سوال: </u> نماز میں ہم اپنے پیر کہاں رکھیں؟ہم جماعت کے ساتھ نماز پڑھتے وقت اپنے پیر دوسرے نماز ی کے پیر کے ساتھ کیوں نہیں ملاتے ہیں؟</h2>,"<p>بسم الله الرحمن الرحيم</p><p> فتوی(ب):1165=955-7/1431<br><br>جماعت کے ساتھ نماز پڑھنے کی صورت میں اپنے پاوٴں کے دونوں ٹخنوں کو برابر والے کے ٹخنوں کے بالمقابل رکھیں اور کندھے سے کندھا ملاکر کھڑے ہوں۔ اس سے خوب سیدھی صف ہوگی اور نماز میں بھی دلجمعی اور خشوع وخضوع پیدا ہوگا۔</p><br><span style=""font-size:1.2em"">
								<p><strong>واللہ تعالیٰ اعلم</strong></p>
								<br class=""clear"">
								<p><strong>دارالافتاء،</strong><br>دارالعلوم دیوبند</p>
							</span>",01-Sep-2020,23393,darulifta-deoband.com,عبادات,صلاة (نماز),"<div id=""recent_fatwas"" class=""container tab-pane active""><br>
					<ul class=""answer_detail"">
												<li>
																					<div class=""cate_sec"">
								<p class=""category_name"">
									<span>
										عبادات									</span> 
									&gt;&gt; 
									<span>
																		<a href=""https://darulifta-deoband.com/ur/category/n-a/MTk="">صلاة (نماز)</a>
									</span>
								</p>
								<p class=""quesid""><span class=""anser_id_urdu""> سوال نمبر: 23393</span><!--<span class=""country_urdu"">  : ملک</span> --></p>
							</div>
							<h2><u> عنوان:</u> نماز میں ہم اپنے پیر کہاں رکھیں؟ہم جماعت کے ساتھ نماز پڑھتے وقت اپنے پیر دوسرے نماز ی کے پیر کے ساتھ کیوں نہیں ملاتے ہیں؟<br><br></h2>
							<h2><u> سوال: </u> نماز میں ہم اپنے پیر کہاں رکھیں؟ہم جماعت کے ساتھ نماز پڑھتے وقت اپنے پیر دوسرے نماز ی کے پیر کے ساتھ کیوں نہیں ملاتے ہیں؟</h2>
							<p class=""fatwa_answer""><span class=""ans_urdu_id""> جواب نمبر: 23393</span><span style=""color:#efefef;display:none;"" class=""answer_date_urdu"">01-Sep-2020 : تاریخ اشاعت </span></p>
							<p>بسم الله الرحمن الرحيم</p>
							<p> فتوی(ب):1165=955-7/1431<br><br>جماعت کے ساتھ نماز پڑھنے کی صورت میں اپنے پاوٴں کے دونوں ٹخنوں کو برابر والے کے ٹخنوں کے بالمقابل رکھیں اور کندھے سے کندھا ملاکر کھڑے ہوں۔ اس سے خوب سیدھی صف ہوگی اور نماز میں بھی دلجمعی اور خشوع وخضوع پیدا ہوگا۔</p> 
							<br>
							<span style=""font-size:1.2em"">
								<p><strong>واللہ تعالیٰ اعلم</strong></p>
								<br class=""clear"">
								<p><strong>دارالافتاء،</strong><br>دارالعلوم دیوبند</p>
							</span>
						</li>
											</ul>
				</div>"
https://darulifta-deoband.com/home/ur/salah-prayer/23353,ہماری مسجد میں امام صاحب نماز کے وقت آتے ہیں اور آکر مصلی پربیٹھ جاتے ہیں، جب اقامت شروع ہوتی ہے تو کچھ لوگ اقامت کے شروع میں کھڑے ہوتے ہیں اور کچھ حی علی الصلاة پر کھڑے ہوتے ہیں اور جو لوگ اقامت کے شروع میں کھڑے ہوتے ہیں، ان کے بارے میں امام صاحب کہتے ہیں کہ یہ لوگ میری اتباع نہیں کرتے ہیں۔ ہمیں آپ واضح طورپر سمجھائیے حدیث سے حوالے دے کر۔ اور علمائے دین اس مسئلہ میں کیا کہتے ہیں؟ اور رضااحمدصاحب کا اس پر کیا کہنا ہے؟براہ کرم، اس مسئلہ کو تفصیل سے بتائیں۔,<h2><u> سوال: </u> ہماری مسجد میں امام صاحب نماز کے وقت آتے ہیں اور آکر مصلی پربیٹھ جاتے ہیں، جب اقامت شروع ہوتی ہے تو کچھ لوگ اقامت کے شروع میں کھڑے ہوتے ہیں اور کچھ حی علی الصلاة پر کھڑے ہوتے ہیں اور جو لوگ اقامت کے شروع میں کھڑے ہوتے ہیں، ان کے بارے میں امام صاحب کہتے ہیں کہ یہ لوگ میری اتباع نہیں کرتے ہیں۔ ہمیں آپ واضح طورپر سمجھائیے حدیث سے حوالے دے کر۔ اور علمائے دین اس مسئلہ میں کیا کہتے ہیں؟ اور رضااحمدصاحب کا اس پر کیا کہنا ہے؟براہ کرم، اس مسئلہ کو تفصیل سے بتائیں۔</h2>,"<p>بسم الله الرحمن الرحيم</p><p> فتوی(م):1028=1028-7/1431<br><br>احادیث میں صفوں کی درستگی کی بڑی تاکید آئی ہے اور درست نہ رکھنے پر سخت وعید منقول ہے، حضرت نعمان بن بشیر رضی اللہ عنہ سے مروی ہے کہ جب ہم نماز کے لیے کھڑے ہوتے تھے تو رسول اکرم صلی اللہ علیہ وسلم ہماری صفیں درست فرماتے تھے اورجب ہم سیدھے کھڑے ہوجاتے تھے تو تکبیر تحریمہ کہتے تھے: کان رسول اللہ صلی اللہ علیہ وسلم یُسوّي صفوفنا إذا قمنا إلی الصلاة فإذا استوینا، کبر (ابوداوٴد شریف) حضرات خلفائے راشدین اور دیگر صحابہٴ کرام کا عمل بھی یہی تھا، حافظ ابن حجر رحمہ اللہ فرماتے ہیں ”تحقیق کہ صحابہ سے یہ بات ثابت ہے کہ وہ حضرات جب موٴذن اقامت شروع کرتا اسی وقت کھڑے ہوجاتے تھے، فقد ثبت عن الصحابة أنہم کانوا یقومون إذا شرع الموٴذن في الإقامة (فتح الباري) خلاصہ یہ کہ شروع اقامت سے کھڑے ہوجانا افضل ہے، امام کا آکر پہلے مصلے پر بیٹھ جانا اور پھر حی علی الصلاة کے وقت کھڑا ہونا یہ ثابت ودرست نہیں۔</p><br><span style=""font-size:1.2em"">
								<p><strong>واللہ تعالیٰ اعلم</strong></p>
								<br class=""clear"">
								<p><strong>دارالافتاء،</strong><br>دارالعلوم دیوبند</p>
							</span>",31-Aug-2020,23353,darulifta-deoband.com,عبادات,صلاة (نماز),"<div id=""recent_fatwas"" class=""container tab-pane active""><br>
					<ul class=""answer_detail"">
												<li>
																					<div class=""cate_sec"">
								<p class=""category_name"">
									<span>
										عبادات									</span> 
									&gt;&gt; 
									<span>
																		<a href=""https://darulifta-deoband.com/ur/category/n-a/MTk="">صلاة (نماز)</a>
									</span>
								</p>
								<p class=""quesid""><span class=""anser_id_urdu""> سوال نمبر: 23353</span><!--<span class=""country_urdu"">  : ملک</span> --></p>
							</div>
							<h2><u> عنوان:</u> ہماری مسجد میں امام صاحب نماز کے وقت آتے ہیں اور آکر مصلی پربیٹھ جاتے ہیں، جب اقامت شروع ہوتی ہے تو کچھ لوگ اقامت کے شروع میں کھڑے ہوتے ہیں اور کچھ حی علی الصلاة پر کھڑے ہوتے ہیں اور جو لوگ اقامت کے شروع میں کھڑے ہوتے ہیں، ان کے بارے میں امام صاحب کہتے ہیں کہ یہ لوگ میری اتباع نہیں کرتے ہیں۔ ہمیں آپ واضح طورپر سمجھائیے حدیث سے حوالے دے کر۔ اور علمائے دین اس مسئلہ میں کیا کہتے ہیں؟ اور رضااحمدصاحب کا اس پر کیا کہنا ہے؟براہ کرم، اس مسئلہ کو تفصیل سے بتائیں۔<br></h2>
							<h2><u> سوال: </u> ہماری مسجد میں امام صاحب نماز کے وقت آتے ہیں اور آکر مصلی پربیٹھ جاتے ہیں، جب اقامت شروع ہوتی ہے تو کچھ لوگ اقامت کے شروع میں کھڑے ہوتے ہیں اور کچھ حی علی الصلاة پر کھڑے ہوتے ہیں اور جو لوگ اقامت کے شروع میں کھڑے ہوتے ہیں، ان کے بارے میں امام صاحب کہتے ہیں کہ یہ لوگ میری اتباع نہیں کرتے ہیں۔ ہمیں آپ واضح طورپر سمجھائیے حدیث سے حوالے دے کر۔ اور علمائے دین اس مسئلہ میں کیا کہتے ہیں؟ اور رضااحمدصاحب کا اس پر کیا کہنا ہے؟براہ کرم، اس مسئلہ کو تفصیل سے بتائیں۔</h2>
							<p class=""fatwa_answer""><span class=""ans_urdu_id""> جواب نمبر: 23353</span><span style=""color:#efefef;display:none;"" class=""answer_date_urdu"">31-Aug-2020 : تاریخ اشاعت </span></p>
							<p>بسم الله الرحمن الرحيم</p>
							<p> فتوی(م):1028=1028-7/1431<br><br>احادیث میں صفوں کی درستگی کی بڑی تاکید آئی ہے اور درست نہ رکھنے پر سخت وعید منقول ہے، حضرت نعمان بن بشیر رضی اللہ عنہ سے مروی ہے کہ جب ہم نماز کے لیے کھڑے ہوتے تھے تو رسول اکرم صلی اللہ علیہ وسلم ہماری صفیں درست فرماتے تھے اورجب ہم سیدھے کھڑے ہوجاتے تھے تو تکبیر تحریمہ کہتے تھے: کان رسول اللہ صلی اللہ علیہ وسلم یُسوّي صفوفنا إذا قمنا إلی الصلاة فإذا استوینا، کبر (ابوداوٴد شریف) حضرات خلفائے راشدین اور دیگر صحابہٴ کرام کا عمل بھی یہی تھا، حافظ ابن حجر رحمہ اللہ فرماتے ہیں ”تحقیق کہ صحابہ سے یہ بات ثابت ہے کہ وہ حضرات جب موٴذن اقامت شروع کرتا اسی وقت کھڑے ہوجاتے تھے، فقد ثبت عن الصحابة أنہم کانوا یقومون إذا شرع الموٴذن في الإقامة (فتح الباري) خلاصہ یہ کہ شروع اقامت سے کھڑے ہوجانا افضل ہے، امام کا آکر پہلے مصلے پر بیٹھ جانا اور پھر حی علی الصلاة کے وقت کھڑا ہونا یہ ثابت ودرست نہیں۔</p> 
							<br>
							<span style=""font-size:1.2em"">
								<p><strong>واللہ تعالیٰ اعلم</strong></p>
								<br class=""clear"">
								<p><strong>دارالافتاء،</strong><br>دارالعلوم دیوبند</p>
							</span>
						</li>
											</ul>
				</div>"
https://darulifta-deoband.com/home/ur/salah-prayer/23315,سنت غیر موٴکدہ کی تیسری رکعت میں ثناء پڑھنا ضروری ہے یا نہیں؟ اگر کوئی پڑھ لے تو کیا حکم ہوگا؟ براہ کرم، جواب دیں۔,<h2><u> سوال: </u> سنت غیر موٴکدہ کی تیسری رکعت میں ثناء پڑھنا ضروری ہے یا نہیں؟ اگر کوئی پڑھ لے تو کیا حکم ہوگا؟ براہ کرم، جواب دیں۔</h2>,"<p>بسم الله الرحمن الرحيم</p><p> فتوی(د):987=762-7/1431<br><br>ضروری نہیں، جائز ہے۔ قال فی الدر وفی البواقی (أي غیر الأربع قبل الظہر والجمعة وبعدہا) یصلي علی النبي ویستفتح إلخ وبحث فی الشامي (شامی: ۱/۵۰۰)<br><br></p><br><span style=""font-size:1.2em"">
								<p><strong>واللہ تعالیٰ اعلم</strong></p>
								<br class=""clear"">
								<p><strong>دارالافتاء،</strong><br>دارالعلوم دیوبند</p>
							</span>",31-Aug-2020,23315,darulifta-deoband.com,عبادات,صلاة (نماز),"<div id=""recent_fatwas"" class=""container tab-pane active""><br>
					<ul class=""answer_detail"">
												<li>
																					<div class=""cate_sec"">
								<p class=""category_name"">
									<span>
										عبادات									</span> 
									&gt;&gt; 
									<span>
																		<a href=""https://darulifta-deoband.com/ur/category/n-a/MTk="">صلاة (نماز)</a>
									</span>
								</p>
								<p class=""quesid""><span class=""anser_id_urdu""> سوال نمبر: 23315</span><!--<span class=""country_urdu"">  : ملک</span> --></p>
							</div>
							<h2><u> عنوان:</u> سنت غیر موٴکدہ کی تیسری رکعت میں ثناء پڑھنا ضروری ہے یا نہیں؟ اگر کوئی پڑھ لے تو کیا حکم ہوگا؟ براہ کرم، جواب دیں۔</h2>
							<h2><u> سوال: </u> سنت غیر موٴکدہ کی تیسری رکعت میں ثناء پڑھنا ضروری ہے یا نہیں؟ اگر کوئی پڑھ لے تو کیا حکم ہوگا؟ براہ کرم، جواب دیں۔</h2>
							<p class=""fatwa_answer""><span class=""ans_urdu_id""> جواب نمبر: 23315</span><span style=""color:#efefef;display:none;"" class=""answer_date_urdu"">31-Aug-2020 : تاریخ اشاعت </span></p>
							<p>بسم الله الرحمن الرحيم</p>
							<p> فتوی(د):987=762-7/1431<br><br>ضروری نہیں، جائز ہے۔ قال فی الدر وفی البواقی (أي غیر الأربع قبل الظہر والجمعة وبعدہا) یصلي علی النبي ویستفتح إلخ وبحث فی الشامي (شامی: ۱/۵۰۰)<br><br></p> 
							<br>
							<span style=""font-size:1.2em"">
								<p><strong>واللہ تعالیٰ اعلم</strong></p>
								<br class=""clear"">
								<p><strong>دارالافتاء،</strong><br>دارالعلوم دیوبند</p>
							</span>
						</li>
											</ul>
				</div>"
https://darulifta-deoband.com/home/ur/salah-prayer/23250,کیا ہمیں بریلوی، مماتی، غیرمقلد، جماعت اسلام وغیرہ کے پیچھے نماز پڑھنی چاہئے؟,<h2><u> سوال: </u> کیا ہمیں بریلوی، مماتی، غیرمقلد، جماعت اسلام وغیرہ کے پیچھے نماز پڑھنی چاہئے؟</h2>,"<p>بسم الله الرحمن الرحيم</p><p> فتوی(ب): 1380=275tb-8/1431<br><br>بریلوی جس کے شرکیہ عقائد نہ ہوں اسی طرح غیرمقلد جس کے متعلق کچھ علم نہ ہو کہ حنفی مذہب کی نماز میں رعایت کرتا ہے یا نہیں اورجماعت اسلامی والے ان سب کے پیچھے نماز مکروہ تحریمی ہے البتہ مماتی کے پیچھے نماز پڑھنے کی گنجائش ہے۔<br></p><br><span style=""font-size:1.2em"">
								<p><strong>واللہ تعالیٰ اعلم</strong></p>
								<br class=""clear"">
								<p><strong>دارالافتاء،</strong><br>دارالعلوم دیوبند</p>
							</span>",01-Sep-2020,23250,darulifta-deoband.com,عبادات,صلاة (نماز),"<div id=""recent_fatwas"" class=""container tab-pane active""><br>
					<ul class=""answer_detail"">
												<li>
																					<div class=""cate_sec"">
								<p class=""category_name"">
									<span>
										عبادات									</span> 
									&gt;&gt; 
									<span>
																		<a href=""https://darulifta-deoband.com/ur/category/n-a/MTk="">صلاة (نماز)</a>
									</span>
								</p>
								<p class=""quesid""><span class=""anser_id_urdu""> سوال نمبر: 23250</span><!--<span class=""country_urdu"">  : ملک</span> --></p>
							</div>
							<h2><u> عنوان:</u> کیا ہمیں بریلوی، مماتی، غیرمقلد، جماعت اسلام وغیرہ کے پیچھے نماز پڑھنی چاہئے؟</h2>
							<h2><u> سوال: </u> کیا ہمیں بریلوی، مماتی، غیرمقلد، جماعت اسلام وغیرہ کے پیچھے نماز پڑھنی چاہئے؟</h2>
							<p class=""fatwa_answer""><span class=""ans_urdu_id""> جواب نمبر: 23250</span><span style=""color:#efefef;display:none;"" class=""answer_date_urdu"">01-Sep-2020 : تاریخ اشاعت </span></p>
							<p>بسم الله الرحمن الرحيم</p>
							<p> فتوی(ب): 1380=275tb-8/1431<br><br>بریلوی جس کے شرکیہ عقائد نہ ہوں اسی طرح غیرمقلد جس کے متعلق کچھ علم نہ ہو کہ حنفی مذہب کی نماز میں رعایت کرتا ہے یا نہیں اورجماعت اسلامی والے ان سب کے پیچھے نماز مکروہ تحریمی ہے البتہ مماتی کے پیچھے نماز پڑھنے کی گنجائش ہے۔<br></p> 
							<br>
							<span style=""font-size:1.2em"">
								<p><strong>واللہ تعالیٰ اعلم</strong></p>
								<br class=""clear"">
								<p><strong>دارالافتاء،</strong><br>دارالعلوم دیوبند</p>
							</span>
						</li>
											</ul>
				</div>"
https://darulifta-deoband.com/home/ur/salah-prayer/23236,سوال یہ ہے کہ اسلام میں گونگوں اور بہروں کے لیے کیا شرعی حکم ہے؟ کیا ان کے لیے نماز پڑھنا ضروری ہے یا نہیں؟ براہ کرم، قرآن و حدیث کی روشنی میں جوا ب دیں۔,<h2><u> سوال: </u> سوال یہ ہے کہ اسلام میں گونگوں اور بہروں کے لیے کیا شرعی حکم ہے؟ کیا ان کے لیے نماز پڑھنا ضروری ہے یا نہیں؟ براہ کرم، قرآن و حدیث کی روشنی میں جوا ب دیں۔</h2>,"<p>بسم الله الرحمن الرحيم</p><p> فتوی(ب):1178=942-7/1431<br><br>قرآن وحدیث میں نماز کا حکم دیئے جاتے وقت گونگوں اور بہروں کا اس حکم سے استثناء نہیں کیا گیا ہے، لہٰذا ان پر بھی نماز فرض ہے۔</p><br><span style=""font-size:1.2em"">
								<p><strong>واللہ تعالیٰ اعلم</strong></p>
								<br class=""clear"">
								<p><strong>دارالافتاء،</strong><br>دارالعلوم دیوبند</p>
							</span>",01-Sep-2020,23236,darulifta-deoband.com,عبادات,صلاة (نماز),"<div id=""recent_fatwas"" class=""container tab-pane active""><br>
					<ul class=""answer_detail"">
												<li>
																					<div class=""cate_sec"">
								<p class=""category_name"">
									<span>
										عبادات									</span> 
									&gt;&gt; 
									<span>
																		<a href=""https://darulifta-deoband.com/ur/category/n-a/MTk="">صلاة (نماز)</a>
									</span>
								</p>
								<p class=""quesid""><span class=""anser_id_urdu""> سوال نمبر: 23236</span><!--<span class=""country_urdu"">  : ملک</span> --></p>
							</div>
							<h2><u> عنوان:</u> سوال یہ ہے کہ اسلام میں گونگوں اور بہروں کے لیے کیا شرعی حکم ہے؟ کیا ان کے لیے نماز پڑھنا ضروری ہے یا نہیں؟ براہ کرم، قرآن و حدیث کی روشنی میں جوا ب دیں۔<br><br></h2>
							<h2><u> سوال: </u> سوال یہ ہے کہ اسلام میں گونگوں اور بہروں کے لیے کیا شرعی حکم ہے؟ کیا ان کے لیے نماز پڑھنا ضروری ہے یا نہیں؟ براہ کرم، قرآن و حدیث کی روشنی میں جوا ب دیں۔</h2>
							<p class=""fatwa_answer""><span class=""ans_urdu_id""> جواب نمبر: 23236</span><span style=""color:#efefef;display:none;"" class=""answer_date_urdu"">01-Sep-2020 : تاریخ اشاعت </span></p>
							<p>بسم الله الرحمن الرحيم</p>
							<p> فتوی(ب):1178=942-7/1431<br><br>قرآن وحدیث میں نماز کا حکم دیئے جاتے وقت گونگوں اور بہروں کا اس حکم سے استثناء نہیں کیا گیا ہے، لہٰذا ان پر بھی نماز فرض ہے۔</p> 
							<br>
							<span style=""font-size:1.2em"">
								<p><strong>واللہ تعالیٰ اعلم</strong></p>
								<br class=""clear"">
								<p><strong>دارالافتاء،</strong><br>دارالعلوم دیوبند</p>
							</span>
						</li>
											</ul>
				</div>"
https://darulifta-deoband.com/home/ur/salah-prayer/23217,میری بیوی پہلے اہل حدیث مسلک پر چلتی تھی ، لیکن مجھ سے شادی کے بعد اس نے اہل سنت و لجماعت (فقہ حنفی) کو اپنا یا ہے۔ لہذا نماز کے بارے میں ایک مسئلہ معلوم کرنا تھا کہ میری بیوی جب قومہ سے پہلے سجدہ کے لیے جاتی ہے تو پہلے زمین پر دونوں پیر دائیں جانب نکال کر بیٹھ جاتی ہے اور پھر پہلاسجدہ کرتی ہے ، پھر اسی طرح بیٹھتی ہے اور دوسرا سجدہ کرتی ہے تو کیا اس کا یہ پہلے سجدہ سے پہلیبیٹھنے کا عمل درست ہے؟ یا خلافت سنت تو نہیں؟,<h2><u> سوال: </u> میری بیوی پہلے اہل حدیث مسلک پر چلتی تھی ، لیکن مجھ سے شادی کے بعد اس نے اہل سنت و لجماعت (فقہ حنفی) کو اپنا یا ہے۔ لہذا نماز کے بارے میں ایک مسئلہ معلوم کرنا تھا کہ میری بیوی جب قومہ سے پہلے سجدہ کے لیے جاتی ہے تو پہلے زمین پر دونوں پیر دائیں جانب نکال کر بیٹھ جاتی ہے اور پھر پہلاسجدہ کرتی ہے ، پھر اسی طرح بیٹھتی ہے اور دوسرا سجدہ کرتی ہے تو کیا اس کا یہ پہلے سجدہ سے پہلیبیٹھنے کا عمل درست ہے؟ یا خلافت سنت تو نہیں؟</h2>,"<p>بسم الله الرحمن الرحيم</p><p> فتوی(ل):1008=747-7/1431<br><br>نظام الفتاویٰ میں عورت کے سجدہ میں جانے کا مسنون طریقہ یوں مذکور ہے: ”عورت سجدہ میں جاتے ہوئے بائیں کولہے پر ٹیک لگائے اور سہارا لیتے ہوئے دونوں پیر دائیں جانب نکال کر پھر دونوں گھٹنے زمین پر رکھ کر سجدہ میں جاتے ہوئے چمٹ کر سجدہ کرے“ (نظام الفتاویٰ جدید ترتیب جلد پنجم جزء ۱/۱۷۰/۱۷۲) آپ کی بیوی کا سجدہ میں جاتے وقت بیٹھ کر دونوں پیر دائیں جانب نکالنا اور پھر چمٹ کر سجدہ کرنا درست ہے۔</p><br><span style=""font-size:1.2em"">
								<p><strong>واللہ تعالیٰ اعلم</strong></p>
								<br class=""clear"">
								<p><strong>دارالافتاء،</strong><br>دارالعلوم دیوبند</p>
							</span>",01-Sep-2020,23217,darulifta-deoband.com,عبادات,صلاة (نماز),"<div id=""recent_fatwas"" class=""container tab-pane active""><br>
					<ul class=""answer_detail"">
												<li>
																					<div class=""cate_sec"">
								<p class=""category_name"">
									<span>
										عبادات									</span> 
									&gt;&gt; 
									<span>
																		<a href=""https://darulifta-deoband.com/ur/category/n-a/MTk="">صلاة (نماز)</a>
									</span>
								</p>
								<p class=""quesid""><span class=""anser_id_urdu""> سوال نمبر: 23217</span><!--<span class=""country_urdu"">  : ملک</span> --></p>
							</div>
							<h2><u> عنوان:</u> میری بیوی پہلے اہل حدیث مسلک پر چلتی تھی ، لیکن مجھ سے شادی کے بعد اس نے اہل سنت و لجماعت (فقہ حنفی) کو اپنا یا ہے۔ لہذا نماز کے بارے میں ایک مسئلہ معلوم کرنا تھا کہ میری بیوی جب قومہ سے پہلے سجدہ کے لیے جاتی ہے تو پہلے زمین پر دونوں پیر دائیں جانب نکال کر بیٹھ جاتی ہے اور پھر پہلاسجدہ کرتی ہے ، پھر اسی طرح بیٹھتی ہے اور دوسرا سجدہ کرتی ہے تو کیا اس کا یہ پہلے سجدہ سے پہلیبیٹھنے کا عمل درست ہے؟ یا خلافت سنت تو نہیں؟<br><br><br></h2>
							<h2><u> سوال: </u> میری بیوی پہلے اہل حدیث مسلک پر چلتی تھی ، لیکن مجھ سے شادی کے بعد اس نے اہل سنت و لجماعت (فقہ حنفی) کو اپنا یا ہے۔ لہذا نماز کے بارے میں ایک مسئلہ معلوم کرنا تھا کہ میری بیوی جب قومہ سے پہلے سجدہ کے لیے جاتی ہے تو پہلے زمین پر دونوں پیر دائیں جانب نکال کر بیٹھ جاتی ہے اور پھر پہلاسجدہ کرتی ہے ، پھر اسی طرح بیٹھتی ہے اور دوسرا سجدہ کرتی ہے تو کیا اس کا یہ پہلے سجدہ سے پہلیبیٹھنے کا عمل درست ہے؟ یا خلافت سنت تو نہیں؟</h2>
							<p class=""fatwa_answer""><span class=""ans_urdu_id""> جواب نمبر: 23217</span><span style=""color:#efefef;display:none;"" class=""answer_date_urdu"">01-Sep-2020 : تاریخ اشاعت </span></p>
							<p>بسم الله الرحمن الرحيم</p>
							<p> فتوی(ل):1008=747-7/1431<br><br>نظام الفتاویٰ میں عورت کے سجدہ میں جانے کا مسنون طریقہ یوں مذکور ہے: ”عورت سجدہ میں جاتے ہوئے بائیں کولہے پر ٹیک لگائے اور سہارا لیتے ہوئے دونوں پیر دائیں جانب نکال کر پھر دونوں گھٹنے زمین پر رکھ کر سجدہ میں جاتے ہوئے چمٹ کر سجدہ کرے“ (نظام الفتاویٰ جدید ترتیب جلد پنجم جزء ۱/۱۷۰/۱۷۲) آپ کی بیوی کا سجدہ میں جاتے وقت بیٹھ کر دونوں پیر دائیں جانب نکالنا اور پھر چمٹ کر سجدہ کرنا درست ہے۔</p> 
							<br>
							<span style=""font-size:1.2em"">
								<p><strong>واللہ تعالیٰ اعلم</strong></p>
								<br class=""clear"">
								<p><strong>دارالافتاء،</strong><br>دارالعلوم دیوبند</p>
							</span>
						</li>
											</ul>
				</div>"
https://darulifta-deoband.com/home/ur/salah-prayer/23195,میرے ایک غیر مقلد دوست نے دو سوالات کیئے ہیں۔ (۱) اذان کے بعد کی دعا جو حنفی لوگ پڑھتے ہیں وہ حدیث سے ثابت نہیں ہے؟ (۲) زبان سے (نماز اور روزہ کے لیے) نیت کرنے کو حنفی حضرات کیوں بہتر (مستحب) بتاتے ہیں ؟جب کہ حدیث سے زبان کی نیت ثابت نہیں ہے، کیا یہ حنفیوں کا عمل سنت کے خلاف نہیں ہے؟ براہ کرم، دونوں کا سوالوں کا جواب دیں اور حدیث و بزرگان دین کی کتابوں کا حوالہ دیں۔,<h2><u> سوال: </u> میرے ایک غیر مقلد دوست نے دو سوالات کیئے ہیں۔ (۱) اذان کے بعد کی دعا جو حنفی لوگ پڑھتے ہیں وہ حدیث سے ثابت نہیں ہے؟ (۲) زبان سے (نماز اور روزہ کے لیے) نیت کرنے کو حنفی حضرات کیوں بہتر (مستحب) بتاتے ہیں ؟جب کہ حدیث سے زبان کی نیت ثابت نہیں ہے، کیا یہ حنفیوں کا عمل سنت کے خلاف نہیں ہے؟ براہ کرم، دونوں کا سوالوں کا جواب دیں اور حدیث و بزرگان دین کی کتابوں کا حوالہ دیں۔&nbsp;</h2>,"<p>بسم الله الرحمن الرحيم</p><p> فتوی(ل):1023=756-7/1431<br><br>(۱) اذان کے بعد کون سی دعا حنفی لوگ پڑھتے ہیں جو حدیث سے ثابت نہیں؟<br>(۲) یہ بات صحیح ہے کہ نیت کرنا دل کے ارادہ کا نام ہے اور دل سے نیت کرلینا ادائے نماز کے لیے کافی ہے، البتہ لوگوں کے قلوب پر عامة افکار کا ہجوم رہتا ہے اور پوری یکسوئی کے ساتھ قلب کو حاضر نہیں کرپاتے اس لیے زبان سے الفاظ ادا کرائے جاتے ہیں، تاکہ حضور قلب میں جس قدر کمی ہو وہ الفاظ کے ذریعے سے پوری ہوجائے، اگر کوئی شخص احضار قلب پر قادر نہ ہو تو اس کے لیے الفاظ کا ادا کرلینا بھی کافی ہے۔ (فتاویٰ محمودیہ: ۹/۲۱۳ ملخصاً ط میرٹھ) بالعموم زبان سے نیت کرتے وقت دل بھی اس کے تابع ہوجاتا ہے اس لیے اس کو بدعت کہنا بھی صحیح نہیں۔</p><br><span style=""font-size:1.2em"">
								<p><strong>واللہ تعالیٰ اعلم</strong></p>
								<br class=""clear"">
								<p><strong>دارالافتاء،</strong><br>دارالعلوم دیوبند</p>
							</span>",01-Sep-2020,23195,darulifta-deoband.com,عبادات,صلاة (نماز),"<div id=""recent_fatwas"" class=""container tab-pane active""><br>
					<ul class=""answer_detail"">
												<li>
																					<div class=""cate_sec"">
								<p class=""category_name"">
									<span>
										عبادات									</span> 
									&gt;&gt; 
									<span>
																		<a href=""https://darulifta-deoband.com/ur/category/n-a/MTk="">صلاة (نماز)</a>
									</span>
								</p>
								<p class=""quesid""><span class=""anser_id_urdu""> سوال نمبر: 23195</span><!--<span class=""country_urdu"">  : ملک</span> --></p>
							</div>
							<h2><u> عنوان:</u> میرے ایک غیر مقلد دوست نے دو سوالات کیئے ہیں۔ (۱) اذان کے بعد کی دعا جو حنفی لوگ پڑھتے ہیں وہ حدیث سے ثابت نہیں ہے؟ (۲) زبان سے (نماز اور روزہ کے لیے) نیت کرنے کو حنفی حضرات کیوں بہتر (مستحب) بتاتے ہیں ؟جب کہ حدیث سے زبان کی نیت ثابت نہیں ہے، کیا یہ حنفیوں کا عمل سنت کے خلاف نہیں ہے؟ براہ کرم، دونوں کا سوالوں کا جواب دیں اور حدیث و بزرگان دین کی کتابوں کا حوالہ دیں۔&nbsp;<br></h2>
							<h2><u> سوال: </u> میرے ایک غیر مقلد دوست نے دو سوالات کیئے ہیں۔ (۱) اذان کے بعد کی دعا جو حنفی لوگ پڑھتے ہیں وہ حدیث سے ثابت نہیں ہے؟ (۲) زبان سے (نماز اور روزہ کے لیے) نیت کرنے کو حنفی حضرات کیوں بہتر (مستحب) بتاتے ہیں ؟جب کہ حدیث سے زبان کی نیت ثابت نہیں ہے، کیا یہ حنفیوں کا عمل سنت کے خلاف نہیں ہے؟ براہ کرم، دونوں کا سوالوں کا جواب دیں اور حدیث و بزرگان دین کی کتابوں کا حوالہ دیں۔&nbsp;</h2>
							<p class=""fatwa_answer""><span class=""ans_urdu_id""> جواب نمبر: 23195</span><span style=""color:#efefef;display:none;"" class=""answer_date_urdu"">01-Sep-2020 : تاریخ اشاعت </span></p>
							<p>بسم الله الرحمن الرحيم</p>
							<p> فتوی(ل):1023=756-7/1431<br><br>(۱) اذان کے بعد کون سی دعا حنفی لوگ پڑھتے ہیں جو حدیث سے ثابت نہیں؟<br>(۲) یہ بات صحیح ہے کہ نیت کرنا دل کے ارادہ کا نام ہے اور دل سے نیت کرلینا ادائے نماز کے لیے کافی ہے، البتہ لوگوں کے قلوب پر عامة افکار کا ہجوم رہتا ہے اور پوری یکسوئی کے ساتھ قلب کو حاضر نہیں کرپاتے اس لیے زبان سے الفاظ ادا کرائے جاتے ہیں، تاکہ حضور قلب میں جس قدر کمی ہو وہ الفاظ کے ذریعے سے پوری ہوجائے، اگر کوئی شخص احضار قلب پر قادر نہ ہو تو اس کے لیے الفاظ کا ادا کرلینا بھی کافی ہے۔ (فتاویٰ محمودیہ: ۹/۲۱۳ ملخصاً ط میرٹھ) بالعموم زبان سے نیت کرتے وقت دل بھی اس کے تابع ہوجاتا ہے اس لیے اس کو بدعت کہنا بھی صحیح نہیں۔</p> 
							<br>
							<span style=""font-size:1.2em"">
								<p><strong>واللہ تعالیٰ اعلم</strong></p>
								<br class=""clear"">
								<p><strong>دارالافتاء،</strong><br>دارالعلوم دیوبند</p>
							</span>
						</li>
											</ul>
				</div>"
https://darulifta-deoband.com/home/ur/salah-prayer/23149,اگر کسی نے فرض نماز بغیر جماعت کے ادا کرلی پھر بعد میں اس نے دیکھا کہ اسی وقت کی نماز با جماعت ادا کی جارہی ہے تو کیا وہ دوبارہ وہی نماز باجماعت ادا کرسکتا ہے؟,<h2><u> سوال: </u> اگر کسی نے فرض نماز بغیر جماعت کے ادا کرلی پھر بعد میں اس نے دیکھا کہ اسی وقت کی نماز با جماعت ادا کی جارہی ہے تو کیا وہ دوبارہ وہی نماز باجماعت ادا کرسکتا ہے؟</h2>,"<p>بسم الله الرحمن الرحيم</p><p> فتوی(م):958=958-6/1431<br><br>فرض ایک مرتبہ تنہا پڑھ لی تو فریضہ ادا ہوگیا، اب دوبارہ اسی فرض نماز کو جماعت میں شامل ہوکر ادا کرے گا تو اس کی یہ نماز نفل ہوگی، لہٰذا فجر و عصر اورمغرب میں ایسا کرنا درست نہیں کیوں کہ عصر اور فجر کی فرض نماز کے بعد غروب آفتاب تک کوئی نفل نماز نہیں ہے اور تین رکعت کی نفل نہیں ہوتی، فجر ، عصر اور مغرب کے علاوہ میں کرسکتا ہے، لیکن بعد والی نماز اس کی نفل ہوگی، اور فرض کو جماعت کے ساتھ پڑھنے کا ثواب ستائیس گنا زیادہ ہے۔&nbsp;<br><br></p><br><span style=""font-size:1.2em"">
								<p><strong>واللہ تعالیٰ اعلم</strong></p>
								<br class=""clear"">
								<p><strong>دارالافتاء،</strong><br>دارالعلوم دیوبند</p>
							</span>",01-Sep-2020,23149,darulifta-deoband.com,عبادات,صلاة (نماز),"<div id=""recent_fatwas"" class=""container tab-pane active""><br>
					<ul class=""answer_detail"">
												<li>
																					<div class=""cate_sec"">
								<p class=""category_name"">
									<span>
										عبادات									</span> 
									&gt;&gt; 
									<span>
																		<a href=""https://darulifta-deoband.com/ur/category/n-a/MTk="">صلاة (نماز)</a>
									</span>
								</p>
								<p class=""quesid""><span class=""anser_id_urdu""> سوال نمبر: 23149</span><!--<span class=""country_urdu"">  : ملک</span> --></p>
							</div>
							<h2><u> عنوان:</u> اگر کسی نے فرض نماز بغیر جماعت کے ادا کرلی پھر بعد میں اس نے دیکھا کہ اسی وقت کی نماز با جماعت ادا کی جارہی ہے تو کیا وہ دوبارہ وہی نماز باجماعت ادا کرسکتا ہے؟</h2>
							<h2><u> سوال: </u> اگر کسی نے فرض نماز بغیر جماعت کے ادا کرلی پھر بعد میں اس نے دیکھا کہ اسی وقت کی نماز با جماعت ادا کی جارہی ہے تو کیا وہ دوبارہ وہی نماز باجماعت ادا کرسکتا ہے؟</h2>
							<p class=""fatwa_answer""><span class=""ans_urdu_id""> جواب نمبر: 23149</span><span style=""color:#efefef;display:none;"" class=""answer_date_urdu"">01-Sep-2020 : تاریخ اشاعت </span></p>
							<p>بسم الله الرحمن الرحيم</p>
							<p> فتوی(م):958=958-6/1431<br><br>فرض ایک مرتبہ تنہا پڑھ لی تو فریضہ ادا ہوگیا، اب دوبارہ اسی فرض نماز کو جماعت میں شامل ہوکر ادا کرے گا تو اس کی یہ نماز نفل ہوگی، لہٰذا فجر و عصر اورمغرب میں ایسا کرنا درست نہیں کیوں کہ عصر اور فجر کی فرض نماز کے بعد غروب آفتاب تک کوئی نفل نماز نہیں ہے اور تین رکعت کی نفل نہیں ہوتی، فجر ، عصر اور مغرب کے علاوہ میں کرسکتا ہے، لیکن بعد والی نماز اس کی نفل ہوگی، اور فرض کو جماعت کے ساتھ پڑھنے کا ثواب ستائیس گنا زیادہ ہے۔&nbsp;<br><br></p> 
							<br>
							<span style=""font-size:1.2em"">
								<p><strong>واللہ تعالیٰ اعلم</strong></p>
								<br class=""clear"">
								<p><strong>دارالافتاء،</strong><br>دارالعلوم دیوبند</p>
							</span>
						</li>
											</ul>
				</div>"
https://darulifta-deoband.com/home/ur/salah-prayer/23126,پہلی اور تیسری رکعت کے بعد بیٹھ کر کھڑا ہونا چاہیے یا براہ راست بنا بیٹھے ہوئے ․․․․․․․․․․․․․؟ مدلل جواب دیں․․․․․․․․․۔ ترمذی شریف میں جو حدیث اس مسئلہ کے بارے میں ہے وہ تو شائد ضعیف ہے۔ جواب مدلل مطلوب ہے۔,<h2><u> سوال: </u> پہلی اور تیسری رکعت کے بعد بیٹھ کر کھڑا ہونا چاہیے یا براہ راست بنا بیٹھے ہوئے ․․․․․․․․․․․․․؟ مدلل جواب دیں․․․․․․․․․۔ ترمذی شریف میں جو حدیث اس مسئلہ کے بارے میں ہے وہ تو شائد ضعیف ہے۔ جواب مدلل مطلوب ہے۔</h2>,"<p>بسم الله الرحمن الرحيم</p><p> فتوی(م): 1067=1067-7/1431<br><br>پہلی اور تیسری رکعت کے بعد بغیر بیٹھے براہِ راست کھڑا ہونا چاہیے، بیچ میں کوئی قعدہ ہمارے نزدیک ثابت نہیں ہے، ترمذی شریف میں جو حدیث اس قعدہٴ استراحت کے بارے میں آئی ہے، اس میں ایک راوی ”خالد بن ایاس“ ضعیف راوی ہیں۔ خود علامہ ترمذی رحمہ اللہ نے اس کی صراحت کی ہے (ترمذی: ۶۱ قدیمی) اس کے علاوہ اس جلسہٴ استراحت (بیچ میں بیٹھنے) کو علامہ طحاوی رحمہ اللہ نے عذر پر محمول کیا ہے (معانی الآثار: ۲/۴۰۵) نیز اس کے علاوہ بہت سی احادیث اس قعدہ کی نفی کرتی ہیں۔ حضرت ابن مسعود، ابن عمرو، ابن زبیر اور دیگر کئی صحابہٴ کرام رضوان اللہ علیہم اجمعین سے یہی عمل مروی ہے کہ پہلی اور تیسری رکعت کے بعد بغیر بیٹھے براہِ راست کھڑے ہوئے تھے۔ ”إذا رفع أحدہم رأسہہ من السجدة الثانیة في الرکعة الأولی والثالثة نہض کما ہو ولم یجلس“ (معارف السنن: ۳/۸۱ دارالکتاب)، (العرف الشذي: ۶۱ قدیمی)<br></p><br><span style=""font-size:1.2em"">
								<p><strong>واللہ تعالیٰ اعلم</strong></p>
								<br class=""clear"">
								<p><strong>دارالافتاء،</strong><br>دارالعلوم دیوبند</p>
							</span>",31-Aug-2020,23126,darulifta-deoband.com,عبادات,صلاة (نماز),"<div id=""recent_fatwas"" class=""container tab-pane active""><br>
					<ul class=""answer_detail"">
												<li>
																					<div class=""cate_sec"">
								<p class=""category_name"">
									<span>
										عبادات									</span> 
									&gt;&gt; 
									<span>
																		<a href=""https://darulifta-deoband.com/ur/category/n-a/MTk="">صلاة (نماز)</a>
									</span>
								</p>
								<p class=""quesid""><span class=""anser_id_urdu""> سوال نمبر: 23126</span><!--<span class=""country_urdu"">  : ملک</span> --></p>
							</div>
							<h2><u> عنوان:</u> پہلی اور تیسری رکعت کے بعد بیٹھ کر کھڑا ہونا چاہیے یا براہ راست بنا بیٹھے ہوئے ․․․․․․․․․․․․․؟ مدلل جواب دیں․․․․․․․․․۔ ترمذی شریف میں جو حدیث اس مسئلہ کے بارے میں ہے وہ تو شائد ضعیف ہے۔ جواب مدلل مطلوب ہے۔</h2>
							<h2><u> سوال: </u> پہلی اور تیسری رکعت کے بعد بیٹھ کر کھڑا ہونا چاہیے یا براہ راست بنا بیٹھے ہوئے ․․․․․․․․․․․․․؟ مدلل جواب دیں․․․․․․․․․۔ ترمذی شریف میں جو حدیث اس مسئلہ کے بارے میں ہے وہ تو شائد ضعیف ہے۔ جواب مدلل مطلوب ہے۔</h2>
							<p class=""fatwa_answer""><span class=""ans_urdu_id""> جواب نمبر: 23126</span><span style=""color:#efefef;display:none;"" class=""answer_date_urdu"">31-Aug-2020 : تاریخ اشاعت </span></p>
							<p>بسم الله الرحمن الرحيم</p>
							<p> فتوی(م): 1067=1067-7/1431<br><br>پہلی اور تیسری رکعت کے بعد بغیر بیٹھے براہِ راست کھڑا ہونا چاہیے، بیچ میں کوئی قعدہ ہمارے نزدیک ثابت نہیں ہے، ترمذی شریف میں جو حدیث اس قعدہٴ استراحت کے بارے میں آئی ہے، اس میں ایک راوی ”خالد بن ایاس“ ضعیف راوی ہیں۔ خود علامہ ترمذی رحمہ اللہ نے اس کی صراحت کی ہے (ترمذی: ۶۱ قدیمی) اس کے علاوہ اس جلسہٴ استراحت (بیچ میں بیٹھنے) کو علامہ طحاوی رحمہ اللہ نے عذر پر محمول کیا ہے (معانی الآثار: ۲/۴۰۵) نیز اس کے علاوہ بہت سی احادیث اس قعدہ کی نفی کرتی ہیں۔ حضرت ابن مسعود، ابن عمرو، ابن زبیر اور دیگر کئی صحابہٴ کرام رضوان اللہ علیہم اجمعین سے یہی عمل مروی ہے کہ پہلی اور تیسری رکعت کے بعد بغیر بیٹھے براہِ راست کھڑے ہوئے تھے۔ ”إذا رفع أحدہم رأسہہ من السجدة الثانیة في الرکعة الأولی والثالثة نہض کما ہو ولم یجلس“ (معارف السنن: ۳/۸۱ دارالکتاب)، (العرف الشذي: ۶۱ قدیمی)<br></p> 
							<br>
							<span style=""font-size:1.2em"">
								<p><strong>واللہ تعالیٰ اعلم</strong></p>
								<br class=""clear"">
								<p><strong>دارالافتاء،</strong><br>دارالعلوم دیوبند</p>
							</span>
						</li>
											</ul>
				</div>"
https://darulifta-deoband.com/home/ur/salah-prayer/23123,مجھے یہ بتائیں کہ اذان کی آواز سنتے ہی کوئی دعا پڑھنا ثابت ہے یا نہیں؟ ہے تو حدیث کس کتاب میں ہے؟,<h2><u> سوال: </u> مجھے یہ بتائیں کہ اذان کی آواز سنتے ہی کوئی دعا پڑھنا ثابت ہے یا نہیں؟ ہے تو حدیث کس کتاب میں ہے؟</h2>,"<p>بسم الله الرحمن الرحيم</p><p> فتوی(م):961=961-6/122<br><br>اذان کی آواز سنائی دے تو خاموشی سے سننا چاہیے اور اذان کا جواب دینا چاہیے، یعنی موٴذن کے کلمات کو دہرانا چاہیے، حدیث میں ہے: إذا سمعتم الموٴذن فقولوا مثل ما یقول، البتہ حي علی الصلاة اور حي علی الفلاح کے جواب میں لاحول ولا قوة إلا باللہ  کہنا چاہیے، اذان کے دوران کوئی دعا پڑھنا منقول نہیں، اذان کے بعد درود شریف پڑھ کر یہ دعا پڑھنی چاہیے: اللّٰہُمَّ رَبَّ ہذِہِ الدَّعْوَةِ التَّامَّةِ وَالصَّلاَةِ الْقَائِمَةِ آتِ مُحَمَّدًا الوَسِیْلَةَ وَالْفَضِیْلَةَ وَابْعَثْہُ مَقَامًا مَّحْمُوْدًا الَّذِیْ وَعَدْتَّہُ․&nbsp;<br><br></p><br><span style=""font-size:1.2em"">
								<p><strong>واللہ تعالیٰ اعلم</strong></p>
								<br class=""clear"">
								<p><strong>دارالافتاء،</strong><br>دارالعلوم دیوبند</p>
							</span>",01-Sep-2020,23123,darulifta-deoband.com,عبادات,صلاة (نماز),"<div id=""recent_fatwas"" class=""container tab-pane active""><br>
					<ul class=""answer_detail"">
												<li>
																					<div class=""cate_sec"">
								<p class=""category_name"">
									<span>
										عبادات									</span> 
									&gt;&gt; 
									<span>
																		<a href=""https://darulifta-deoband.com/ur/category/n-a/MTk="">صلاة (نماز)</a>
									</span>
								</p>
								<p class=""quesid""><span class=""anser_id_urdu""> سوال نمبر: 23123</span><!--<span class=""country_urdu"">  : ملک</span> --></p>
							</div>
							<h2><u> عنوان:</u> مجھے یہ بتائیں کہ اذان کی آواز سنتے ہی کوئی دعا پڑھنا ثابت ہے یا نہیں؟ ہے تو حدیث کس کتاب میں ہے؟</h2>
							<h2><u> سوال: </u> مجھے یہ بتائیں کہ اذان کی آواز سنتے ہی کوئی دعا پڑھنا ثابت ہے یا نہیں؟ ہے تو حدیث کس کتاب میں ہے؟</h2>
							<p class=""fatwa_answer""><span class=""ans_urdu_id""> جواب نمبر: 23123</span><span style=""color:#efefef;display:none;"" class=""answer_date_urdu"">01-Sep-2020 : تاریخ اشاعت </span></p>
							<p>بسم الله الرحمن الرحيم</p>
							<p> فتوی(م):961=961-6/122<br><br>اذان کی آواز سنائی دے تو خاموشی سے سننا چاہیے اور اذان کا جواب دینا چاہیے، یعنی موٴذن کے کلمات کو دہرانا چاہیے، حدیث میں ہے: إذا سمعتم الموٴذن فقولوا مثل ما یقول، البتہ حي علی الصلاة اور حي علی الفلاح کے جواب میں لاحول ولا قوة إلا باللہ  کہنا چاہیے، اذان کے دوران کوئی دعا پڑھنا منقول نہیں، اذان کے بعد درود شریف پڑھ کر یہ دعا پڑھنی چاہیے: اللّٰہُمَّ رَبَّ ہذِہِ الدَّعْوَةِ التَّامَّةِ وَالصَّلاَةِ الْقَائِمَةِ آتِ مُحَمَّدًا الوَسِیْلَةَ وَالْفَضِیْلَةَ وَابْعَثْہُ مَقَامًا مَّحْمُوْدًا الَّذِیْ وَعَدْتَّہُ․&nbsp;<br><br></p> 
							<br>
							<span style=""font-size:1.2em"">
								<p><strong>واللہ تعالیٰ اعلم</strong></p>
								<br class=""clear"">
								<p><strong>دارالافتاء،</strong><br>دارالعلوم دیوبند</p>
							</span>
						</li>
											</ul>
				</div>"
https://darulifta-deoband.com/home/ur/salah-prayer/23097,(۱ ) اگر کوئی عشاء کی نماز کے بعدتہجد کی نیت سے دو رکعات پڑھے تو کیا اسے تہجد کا ثواب ملے گا؟ (۲) تہجدمیں کتنی رکعتیں ہیں ؟ آپ صلی اللہ علیہ وسلم کتنی رکعتیں پڑھتے تھے؟ (۳) تہجد کی نیت سے بارہ سے زیادہ رکعتیں پڑھنا جائز ہے؟ مثلاچودہ ، سولہ رکعات؟ (۴) ایک سلام سے نفل کی کتنی رکعتیں پڑھ سکتے ہیں؟ مثلا کیا ایک سلام سے بارہ رکعات نفل پڑھنا جائز ہے؟,<h2><u> سوال: </u> (۱ ) اگر کوئی عشاء کی نماز کے بعدتہجد کی نیت سے دو رکعات پڑھے تو کیا اسے تہجد کا ثواب ملے گا؟ (۲) تہجدمیں کتنی رکعتیں ہیں ؟ آپ صلی اللہ علیہ وسلم کتنی رکعتیں پڑھتے تھے؟ (۳) تہجد کی نیت سے بارہ سے زیادہ رکعتیں پڑھنا جائز ہے؟ مثلاچودہ ، سولہ رکعات؟ (۴) ایک سلام سے نفل کی کتنی رکعتیں پڑھ سکتے ہیں؟ مثلا کیا ایک سلام سے بارہ رکعات نفل پڑھنا جائز ہے؟<br></h2>,"<p>بسم الله الرحمن الرحيم</p><p> فتوی(د):980=765-6/1431<br><br>(۱) ثواب ملے گا کما في الشامي․․․ ہذا یفید أن ہذہ السنة تحصل بالتنفل بعد صلاة العشاء قبل النوم (۱/۶۴۰)<br>(۲) کم از کم دو اور چار اور زیادہ سے زیادہ آٹھ البتہ بعض روایتوں میں بارہ رکعات بھی وارد ہوئی ہیں، اس لیے بارہ رکعات تک گنجائش ہے۔ حضور صلی اللہ علیہ وسلم کا عام معمول کم ازکم چار اور زیادہ سے زیادہ آٹھ رکعت پڑھنے کا تھا في الطحطاوي علی المراقي أقلہ رکعتان وأکثرہ ثمان لما روي عن النبي -علیہ السلام- إلخ ص:۳۹۶)<br>(۳) تہجد کی نیت سے جائز نہیں، البتہ نفل کی نیت سے زائد رکعتیں پڑھنے میں کوئی حرج نہیں۔<br>(۴) ایک سلام سے، دن میں چار چار رکعت اور رات میں دو دو رکعت پڑھنا افضل ہے اور رات میں آٹھ سے زیادہ پڑھنا مکروہ ہے۔<br><br><br></p><br><span style=""font-size:1.2em"">
								<p><strong>واللہ تعالیٰ اعلم</strong></p>
								<br class=""clear"">
								<p><strong>دارالافتاء،</strong><br>دارالعلوم دیوبند</p>
							</span>",01-Sep-2020,23097,darulifta-deoband.com,عبادات,صلاة (نماز),"<div id=""recent_fatwas"" class=""container tab-pane active""><br>
					<ul class=""answer_detail"">
												<li>
																					<div class=""cate_sec"">
								<p class=""category_name"">
									<span>
										عبادات									</span> 
									&gt;&gt; 
									<span>
																		<a href=""https://darulifta-deoband.com/ur/category/n-a/MTk="">صلاة (نماز)</a>
									</span>
								</p>
								<p class=""quesid""><span class=""anser_id_urdu""> سوال نمبر: 23097</span><!--<span class=""country_urdu"">  : ملک</span> --></p>
							</div>
							<h2><u> عنوان:</u> (۱ ) اگر کوئی عشاء کی نماز کے بعدتہجد کی نیت سے دو رکعات پڑھے تو کیا اسے تہجد کا ثواب ملے گا؟ (۲) تہجدمیں کتنی رکعتیں ہیں ؟ آپ صلی اللہ علیہ وسلم کتنی رکعتیں پڑھتے تھے؟ (۳) تہجد کی نیت سے بارہ سے زیادہ رکعتیں پڑھنا جائز ہے؟ مثلاچودہ ، سولہ رکعات؟ (۴) ایک سلام سے نفل کی کتنی رکعتیں پڑھ سکتے ہیں؟ مثلا کیا ایک سلام سے بارہ رکعات نفل پڑھنا جائز ہے؟</h2>
							<h2><u> سوال: </u> (۱ ) اگر کوئی عشاء کی نماز کے بعدتہجد کی نیت سے دو رکعات پڑھے تو کیا اسے تہجد کا ثواب ملے گا؟ (۲) تہجدمیں کتنی رکعتیں ہیں ؟ آپ صلی اللہ علیہ وسلم کتنی رکعتیں پڑھتے تھے؟ (۳) تہجد کی نیت سے بارہ سے زیادہ رکعتیں پڑھنا جائز ہے؟ مثلاچودہ ، سولہ رکعات؟ (۴) ایک سلام سے نفل کی کتنی رکعتیں پڑھ سکتے ہیں؟ مثلا کیا ایک سلام سے بارہ رکعات نفل پڑھنا جائز ہے؟<br></h2>
							<p class=""fatwa_answer""><span class=""ans_urdu_id""> جواب نمبر: 23097</span><span style=""color:#efefef;display:none;"" class=""answer_date_urdu"">01-Sep-2020 : تاریخ اشاعت </span></p>
							<p>بسم الله الرحمن الرحيم</p>
							<p> فتوی(د):980=765-6/1431<br><br>(۱) ثواب ملے گا کما في الشامي․․․ ہذا یفید أن ہذہ السنة تحصل بالتنفل بعد صلاة العشاء قبل النوم (۱/۶۴۰)<br>(۲) کم از کم دو اور چار اور زیادہ سے زیادہ آٹھ البتہ بعض روایتوں میں بارہ رکعات بھی وارد ہوئی ہیں، اس لیے بارہ رکعات تک گنجائش ہے۔ حضور صلی اللہ علیہ وسلم کا عام معمول کم ازکم چار اور زیادہ سے زیادہ آٹھ رکعت پڑھنے کا تھا في الطحطاوي علی المراقي أقلہ رکعتان وأکثرہ ثمان لما روي عن النبي -علیہ السلام- إلخ ص:۳۹۶)<br>(۳) تہجد کی نیت سے جائز نہیں، البتہ نفل کی نیت سے زائد رکعتیں پڑھنے میں کوئی حرج نہیں۔<br>(۴) ایک سلام سے، دن میں چار چار رکعت اور رات میں دو دو رکعت پڑھنا افضل ہے اور رات میں آٹھ سے زیادہ پڑھنا مکروہ ہے۔<br><br><br></p> 
							<br>
							<span style=""font-size:1.2em"">
								<p><strong>واللہ تعالیٰ اعلم</strong></p>
								<br class=""clear"">
								<p><strong>دارالافتاء،</strong><br>دارالعلوم دیوبند</p>
							</span>
						</li>
											</ul>
				</div>"
