issued_at,link,title,question_html,answer_html,fatwa_number,dar_ul_ifta,category_lvl_1,category_lvl_2,html_container
2017-05-22,https://almuftionline.com/0017/05/22/1138/,بروکر کا خریدار کو دھوکہ دینے کا حکم,,"<h4 class=""has-text-align-center"">اَلجَوَابْ بِاسْمِ مُلْہِمِ الصَّوَابْ

</h4><h6 class=""has-text-align-right"">حوالہ جات</h6><div style=""direction: rtl;font-family: Amiri;
    
     font-size: 13px; font-weight: 400;""> ""والخامس اجارة السمسار لايجوز ذلك وكذلك لو قال بع هذا الثوب بعشرة دراهم فما زاد فهو لك وان فعل فله اجر المثل ولو استأجر السمسار شهرا ليبيع له أو ليشتري بكذا من الاجر جاز ذلك""
(النتف في الفتاوى للسغدي2/575 ط:دار الفرقان)
""(المادة 578) لو أعطى أحد ماله لدلال , وقال بعه بكذا دراهم فإن باعه الدلال بأزيد من ذلك فالفضل أيضا لصاحب المال , وليس للدلال سوى الأجرة.""
 (مجلة الأحكام العدلية,ص: 107,ط : نور محمد ، كراتشي)
""إذا باع الدلال متاعاً لأحد بثمن أزيد من الثمن الذي أمره به فالزيادة لصاحب المتاع وليس للدلال سوى الأجرة.""
(مرشد الحيران ,ص: 85,ط : المطبعة الكبرى الأميرية)
""قال في التتارخانية: وفي الدلال والسمسار يجب أجر المثل، وما تواضعوا عليه أن في كل عشرة دنانير كذا فذاك حرام عليهم. وفي الحاوي: سئل محمد بن سلمة عن أجرة السمسار، فقال: أرجو أنه لا بأس به وإن كان في الأصل فاسدا لكثرة التعامل وكثير من هذا غير جائز، فجوزوه لحاجة الناس إليه كدخول الحمام وعنه قال: رأيت ابن شجاع يقاطع نساجا ينسج له ثيابا في كل سنة.""
(حاشية الدر ابن عابدين :6/ 63,ط : دار الفكر)
""وأما الدلال فإن باع العين بنفسه بإذن ربها فأجرته على البائع وإن سعى بينهما وباع المالك بنفسه يعتبر العرف، وتمامه في شرح الوهبانية""
(الدر المختار شرح تنوير الأبصار وجامع البحار (ص: 400)دارالكتب العلمیۃ)
""وقال (إن غره) أي غر المشتري البائع أو بالعكس أو غره الدلال فله الرد (وإلا لا) وبه أفتى صدر الإسلام وغيره""
(الدر المختار وحاشية ابن عابدين (رد المحتار)5/143ط:دارالفکر بیروت)
</div><h6 class=""has-text-align-center"">
واللہ سبحانہ وتعالی اعلم
</h6><figure class=""wp-block-table""><table><tbody><tr><td><h3>مجیب</h3></td><td>متخصص</td><td><h3>مفتیان</h3></td><td>سیّد عابد شاہ صاحب / محمد حسین خلیل خیل صاحب</td></tr></tbody></table></figure>",57992,jameya-tur-rasheed,اجارہ یعنی کرایہ داری اور ملازمت کے احکام و مسائل,دلال اور ایجنٹ کے احکام,"<div class=""pagelayer-col-holder""><div class=""p-kgd1425 pagelayer-post_excerpt"" pagelayer-id=""kgd1425"">
<style pagelayer-style-id=""kgd1425"">.p-kgd1425 .pagelayer-post-excerpt{color:#adb5bd;font-family: ; font-size: 15px !important; font-style: Italic !important; font-weight: 500 !important; font-variant:  !important; text-decoration-line:  !important; text-decoration-style:  !important; line-height: 1.5em !important; text-transform:  !important; letter-spacing: px !important; word-spacing: px !important;margin-top:0px; margin-right:0px; margin-bottom:0px; margin-left:0px}
.p-kgd1425{text-align: left;margin-top: 0px; margin-right: 0px; margin-bottom: 0px; margin-left: 0px;padding-top: 0px; padding-right: 0px; padding-bottom: 0px; padding-left: 0px}
</style></div><div class=""p-4wb1030 pagelayer-featured_img"" pagelayer-id=""4wb1030"">
<style pagelayer-style-id=""4wb1030"">.p-4wb1030{text-align: center}
.p-4wb1030 img{filter: blur(0px) brightness(100%) contrast(100%) grayscale(0%) hue-rotate(0deg) opacity(100%) saturate(100%);box-shadow: 0px 24px 36px 0px rgba(0,0,0,0.10)  !important;-webkit-transition: all 400ms; transition: all 400ms}
.p-4wb1030 .pagelayer-featured-caption{color: #0986c0}
</style>
<div class=""pagelayer-featured-img""></div>
</div><div class=""p-f8n3612 pagelayer-inner_row pagelayer-row-stretch-auto pagelayer-height-default"" pagelayer-id=""f8n3612"">
<style pagelayer-style-id=""f8n3612"">.p-f8n3612 .pagelayer-col-holder{padding: 10px}
.p-f8n3612 > .pagelayer-background-overlay{-webkit-transition: all 400ms !important; transition: all 400ms !important}
.p-f8n3612 .pagelayer-svg-top .pagelayer-shape-fill{fill:#227bc3}
.p-f8n3612 .pagelayer-row-svg .pagelayer-svg-top{width:100%;height:100px}
.p-f8n3612 .pagelayer-svg-bottom .pagelayer-shape-fill{fill:#e44993}
.p-f8n3612 .pagelayer-row-svg .pagelayer-svg-bottom{width:100%;height:100px}
</style>
<div class=""pagelayer-row-holder pagelayer-row pagelayer-auto pagelayer-width-auto""><div class=""p-i795860 pagelayer-col pagelayer-col-4"" pagelayer-id=""i795860"">
<style pagelayer-style-id=""i795860"">.p-i795860{align-content: center !important}
.p-i795860 .pagelayer-col-holder > div:not(:last-child){margin-bottom: 15px}
.p-i795860 > .pagelayer-background-overlay{-webkit-transition: all 400ms !important; transition: all 400ms !important}
</style>
<div class=""pagelayer-col-holder""><div class=""p-qip3968 pagelayer-post_info"" pagelayer-id=""qip3968"">
<style pagelayer-style-id=""qip3968"">.p-qip3968 .pagelayer-post-info-vertical .pagelayer-post-info-list-container{margin-right:25px}
.p-qip3968 .pagelayer-post-info-horizontal .pagelayer-post-info-list-container{margin-bottom:25px}
.p-qip3968 .pagelayer-post-info-container{text-align:right}
.p-qip3968 .pagelayer-post-info-icon span{font-size:120%;color:#495057}
.p-qip3968 .pagelayer-post-info-list-container a{font-family: Roboto !important; font-size: 14px !important; font-style:  !important; font-weight: 500 !important; font-variant:  !important; text-decoration-line:  !important; text-decoration-style:  !important; line-height: 1.6em !important; text-transform:  !important; letter-spacing: px !important; word-spacing: px !important}
.p-qip3968 .pagelayer-post-info-label{color:#495057}
.p-qip3968 .pagelayer-post-info-label a{color:#495057}
.p-qip3968 .pagelayer-post-info-label:hover{color:#000000}
.p-qip3968 .pagelayer-post-info-label:hover a{color:#000000}
</style><div class=""pagelayer-post-info-container pagelayer-post-info-vertical""><div class=""p-xj43574 pagelayer-post_info_list"" pagelayer-id=""xj43574"">
<div class=""pagelayer-post-info-list-container"">
<a class=""pagelayer-post-info-list-link"" href=""https://almuftionline.com/0017/05/22/"">
<span class=""pagelayer-post-info-icon"">
<span class=""far fa-clock""></span>
</span>
<span class=""pagelayer-post-info-label pagelayer-date"">مئی 22, 0017</span>
</a>
</div></div></div></div></div></div><div class=""p-t2j1983 pagelayer-col pagelayer-col-7"" pagelayer-id=""t2j1983"">
<style pagelayer-style-id=""t2j1983"">.p-t2j1983{align-content: center !important}
.p-t2j1983 .pagelayer-col-holder > div:not(:last-child){margin-bottom: 15px}
.p-t2j1983 > .pagelayer-background-overlay{-webkit-transition: all 400ms !important; transition: all 400ms !important}
</style>
<div class=""pagelayer-col-holder""><div class=""p-dbq3916 pagelayer-post_info"" pagelayer-id=""dbq3916"">
<style pagelayer-style-id=""dbq3916"">.p-dbq3916 .pagelayer-post-info-container{text-align:right}
.p-dbq3916 .pagelayer-post-info-icon span{font-size:120%;color:#495057}
.p-dbq3916 .pagelayer-post-info-list-container a{font-family: Roboto !important; font-size: 14px !important; font-style:  !important; font-weight: 500 !important; font-variant:  !important; text-decoration-line:  !important; text-decoration-style:  !important; line-height: 1.6em !important; text-transform:  !important; letter-spacing: px !important; word-spacing: px !important}
.p-dbq3916 .pagelayer-post-info-label{color:#0072ff}
.p-dbq3916 .pagelayer-post-info-label a{color:#0072ff}
.p-dbq3916 .pagelayer-terms *{color:#f8952c !important;padding-top:5px; padding-right:10px; padding-bottom:5px; padding-left:10px;margin-top:0px; margin-right:5px; margin-bottom:0px; margin-left:5px;border-radius: 4px 4px 4px 4px; -webkit-border-radius:  4px 4px 4px 4px;-moz-border-radius: 4px 4px 4px 4px}
.p-dbq3916{padding-top: 0px; padding-right: 0px; padding-bottom: 0px; padding-left: 0px}
@media (max-width: 768px) and (min-width: 501px){.p-dbq3916 .pagelayer-post-info-container{text-align:left}
}
@media (max-width: 500px){.p-dbq3916 .pagelayer-post-info-container{text-align:left}
}
</style><div class=""pagelayer-post-info-container pagelayer-post-info-vertical""><div class=""p-wpv7212 pagelayer-post_info_list"" pagelayer-id=""wpv7212"">
<div class=""pagelayer-post-info-list-container"">
<span class=""pagelayer-post-info-icon"">
</span>
<span class=""pagelayer-post-info-label pagelayer-terms""> <a href=""https://almuftionline.com/category/fatwa/29/""> اجارہ یعنی کرایہ داری اور ملازمت کے احکام و مسائل </a></span>
</div></div></div></div></div></div></div></div><div class=""p-trw3096 pagelayer-inner_row pagelayer-row-stretch-auto pagelayer-height-default"" pagelayer-id=""trw3096"">
<style pagelayer-style-id=""trw3096"">.p-trw3096 .pagelayer-col-holder{padding: 10px}
.p-trw3096 > .pagelayer-background-overlay{-webkit-transition: all 400ms !important; transition: all 400ms !important}
.p-trw3096 .pagelayer-svg-top .pagelayer-shape-fill{fill:#227bc3}
.p-trw3096 .pagelayer-row-svg .pagelayer-svg-top{width:100%;height:100px}
.p-trw3096 .pagelayer-svg-bottom .pagelayer-shape-fill{fill:#e44993}
.p-trw3096 .pagelayer-row-svg .pagelayer-svg-bottom{width:100%;height:100px}
</style>
<div class=""pagelayer-row-holder pagelayer-row pagelayer-auto pagelayer-width-auto""><div class=""p-wwu6541 pagelayer-col pagelayer-col-2"" pagelayer-id=""wwu6541"">
<style pagelayer-style-id=""wwu6541"">.p-wwu6541{align-content: center !important}
.p-wwu6541 .pagelayer-col-holder > div:not(:last-child){margin-bottom: 15px}
.p-wwu6541 > .pagelayer-background-overlay{-webkit-transition: all 400ms !important; transition: all 400ms !important}
</style>
<div class=""pagelayer-col-holder""><div class=""p-ccj4284 pagelayer-post_content"" pagelayer-id=""ccj4284"">
<style pagelayer-style-id=""ccj4284"">.p-ccj4284{text-align: right}
</style><div class=""entry-content pagelayer-post-excerpt""><figure class=""wp-block-table""><table><tbody><tr><td>57992</td><td>اجارہ یعنی کرایہ داری اور ملازمت کے احکام و مسائل</td><td>دلال اور ایجنٹ کے احکام</td></tr></tbody></table></figure><div style=""direction:rtl;line-height: 2.5;""><h3 class=""has-text-align-center"">سوال</h3>
کیا فرماتے ہیں مفتیان کرام اس مسئلہ کے بارے میں کہ بروکر زمین بیچنے والے سے ایک قیمت طے کرتے ہیں اور پھر خریدار کو اس سے زیادہ قیمت زمین کی بتاتے ہیں  مثلا ایک زمین بیچنے والا 10 لاکھ میں بیچنے کے لیے تیار ہے، اب بروکر خریدار کو اس زمین کی قیمت ساڑھے 10 لاکھ روپے بتاتا ہے اور 50 ہزار روپے بروکر کی جیب میں جاتے ہیں تو کیا اس طرح بروکر کی کمائی حلال ہے اور یہ بیع درست ہے۔

o

<h4 class=""has-text-align-center"">اَلجَوَابْ بِاسْمِ مُلْہِمِ الصَّوَابْ

</h4>صورت مسئولہ میں بروکر کے لیے اس طرح اجرت طے کرنا درست نہیں ہے۔
اس کی متبادل صورتیں مندرجہ ذیل ہیں:
1.	پہلی صورت یہ ہے کہ بروکر زمین کے مالک سے صراحۃً اجازت لے لے کہ میں اس زمین کو  ساڑھے دس لاکھ میں بیچ کر پچاس ہزار اپنی کمیشن کے طور پر لونگا اور دس لاکھ تجھے دونگا۔ 
2.	یہ صورت بھی جائز ہے کہ بروکر زمین کے مالک سے مذکورہ قیمت پر پہلے زمین خود خریدلے اس کے بعد گاہک کو اپنی طرف سے جتنی رقم پر وہ زمین بیچنا چاہے بیچ دے۔
3.	یہ صورت بھی جائز ہے کہ بروکر خریدار کو واضح طور پر بتادے کہ اس زمین کی قیمت دس لاکھ ہے، مگر میں تم کو دلانے کے پچاس ہزار روپے بطور کمیشن اضافی بھی لونگا۔ اس طرح وضاحت کے بعد اگر خریدار ساڑھے دس لاکھ دینے پر راضی ہو تو اس میں بھی شرعاً کوئی حرج نہیں۔</div><h6 class=""has-text-align-right"">حوالہ جات</h6><div style=""direction: rtl;font-family: Amiri;
    
     font-size: 13px; font-weight: 400;""> ""والخامس اجارة السمسار لايجوز ذلك وكذلك لو قال بع هذا الثوب بعشرة دراهم فما زاد فهو لك وان فعل فله اجر المثل ولو استأجر السمسار شهرا ليبيع له أو ليشتري بكذا من الاجر جاز ذلك""
(النتف في الفتاوى للسغدي2/575 ط:دار الفرقان)
""(المادة 578) لو أعطى أحد ماله لدلال , وقال بعه بكذا دراهم فإن باعه الدلال بأزيد من ذلك فالفضل أيضا لصاحب المال , وليس للدلال سوى الأجرة.""
 (مجلة الأحكام العدلية,ص: 107,ط : نور محمد ، كراتشي)
""إذا باع الدلال متاعاً لأحد بثمن أزيد من الثمن الذي أمره به فالزيادة لصاحب المتاع وليس للدلال سوى الأجرة.""
(مرشد الحيران ,ص: 85,ط : المطبعة الكبرى الأميرية)
""قال في التتارخانية: وفي الدلال والسمسار يجب أجر المثل، وما تواضعوا عليه أن في كل عشرة دنانير كذا فذاك حرام عليهم. وفي الحاوي: سئل محمد بن سلمة عن أجرة السمسار، فقال: أرجو أنه لا بأس به وإن كان في الأصل فاسدا لكثرة التعامل وكثير من هذا غير جائز، فجوزوه لحاجة الناس إليه كدخول الحمام وعنه قال: رأيت ابن شجاع يقاطع نساجا ينسج له ثيابا في كل سنة.""
(حاشية الدر ابن عابدين :6/ 63,ط : دار الفكر)
""وأما الدلال فإن باع العين بنفسه بإذن ربها فأجرته على البائع وإن سعى بينهما وباع المالك بنفسه يعتبر العرف، وتمامه في شرح الوهبانية""
(الدر المختار شرح تنوير الأبصار وجامع البحار (ص: 400)دارالكتب العلمیۃ)
""وقال (إن غره) أي غر المشتري البائع أو بالعكس أو غره الدلال فله الرد (وإلا لا) وبه أفتى صدر الإسلام وغيره""
(الدر المختار وحاشية ابن عابدين (رد المحتار)5/143ط:دارالفکر بیروت)
</div>..<h6 class=""has-text-align-center"">
واللہ سبحانہ وتعالی اعلم
</h6><figure class=""wp-block-table""><table><tbody><tr><td><h3>مجیب</h3></td><td>متخصص</td><td><h3>مفتیان</h3></td><td>سیّد عابد شاہ صاحب / محمد حسین خلیل خیل صاحب</td></tr></tbody></table></figure></div></div></div></div></div></div><div class=""p-wl6689 pagelayer-inner_row pagelayer-row-stretch-auto pagelayer-height-default"" pagelayer-id=""wl6689"">
<style pagelayer-style-id=""wl6689"">.p-wl6689 .pagelayer-col-holder{padding: 10px}
.p-wl6689 > .pagelayer-background-overlay{-webkit-transition: all 400ms !important; transition: all 400ms !important}
.p-wl6689 .pagelayer-svg-top .pagelayer-shape-fill{fill:#227bc3}
.p-wl6689 .pagelayer-row-svg .pagelayer-svg-top{width:100%;height:100px}
.p-wl6689 .pagelayer-svg-bottom .pagelayer-shape-fill{fill:#e44993}
.p-wl6689 .pagelayer-row-svg .pagelayer-svg-bottom{width:100%;height:100px}
</style>
<div class=""pagelayer-row-holder pagelayer-row pagelayer-auto pagelayer-width-auto""><div class=""p-jzl6522 pagelayer-col pagelayer-col-6"" pagelayer-id=""jzl6522"">
<style pagelayer-style-id=""jzl6522"">.p-jzl6522{align-content: center !important}
.p-jzl6522 .pagelayer-col-holder > div:not(:last-child){margin-bottom: 15px}
.p-jzl6522 > .pagelayer-background-overlay{-webkit-transition: all 400ms !important; transition: all 400ms !important}
</style>
<div class=""pagelayer-col-holder""><div class=""p-xsb5673 pagelayer-share_grp pagelayer-share-type-icon-label pagelayer-social-bg-none pagelayer-scheme-official"" pagelayer-id=""xsb5673"">
<style pagelayer-style-id=""xsb5673"">.p-xsb5673{text-align: right}
.p-xsb5673 .pagelayer-share-content{min-height: 35px;-webkit-transition: all 400ms; transition: all 400ms}
.p-xsb5673 i{font-size: 27px}
.p-xsb5673 .pagelayer-icon-holder{font-size: 27px}
.p-xsb5673 .pagelayer-share-content i{-webkit-transition: all 400ms; transition: all 400ms}
.p-xsb5673 .pagelayer-icon-name{font-family: Roboto; font-size: 15px !important; font-style:  !important; font-weight: 500 !important; font-variant:  !important; text-decoration-line:  !important; text-decoration-style:  !important; line-height: em !important; text-transform:  !important; letter-spacing: px !important; word-spacing: px !important}
@media (max-width: 768px) and (min-width: 501px){.p-xsb5673{text-align: left}
.p-xsb5673 .pagelayer-share{padding-top: 10px; padding-bottom: 10px;padding-left: 10px; padding-right: 10px}
.p-xsb5673 i{font-size: 20px}
.p-xsb5673 .pagelayer-icon-holder{font-size: 20px}
.p-xsb5673 .pagelayer-icon-name{font-family: ; font-size: 13px !important; font-style:  !important; font-weight:  !important; font-variant:  !important; text-decoration-line:  !important; text-decoration-style:  !important; line-height: em !important; text-transform:  !important; letter-spacing: px !important; word-spacing: px !important}
}
@media (max-width: 500px){.p-xsb5673{text-align: left}
.p-xsb5673 .pagelayer-share{padding-top: 10px; padding-bottom: 10px;padding-left: 10px; padding-right: 10px}
.p-xsb5673 .pagelayer-share-content{min-height: NaNpx}
.p-xsb5673 i{font-size: 20px}
.p-xsb5673 .pagelayer-icon-holder{font-size: 20px}
.p-xsb5673 .pagelayer-icon-name{font-family: ; font-size: 13px !important; font-style:  !important; font-weight:  !important; font-variant:  !important; text-decoration-line:  !important; text-decoration-style:  !important; line-height: em !important; text-transform:  !important; letter-spacing: px !important; word-spacing: px !important}
}
</style><div class=""p-9mh2934 pagelayer-share"" pagelayer-id=""9mh2934"">
<a class=""pagelayer-ele-link"" href=""https://www.facebook.com/sharer/sharer.php?u=almuftionline.com/0017/05/22/1138/"" target=""_blank"" title=""fab fa-facebook-square"">
<div class=""pagelayer-share-content pagelayer-facebook-square"" data-icon=""fab fa-facebook-square"">
<div class=""pagelayer-icon-holder pagelayer-share-buttons"">
<i class=""pagelayer-social-fa fab fa-facebook-square""></i>
</div>
<div class=""pagelayer-icon-name"">
<span class=""pagelayer-icon-name-span"">Facebook</span>
</div>
</div>
</a></div><div class=""p-rai4926 pagelayer-share"" pagelayer-id=""rai4926"">
<a class=""pagelayer-ele-link"" href=""https://twitter.com/share?url=almuftionline.com/0017/05/22/1138/"" target=""_blank"" title=""fab fa-twitter-square"">
<div class=""pagelayer-share-content pagelayer-twitter-square"" data-icon=""fab fa-twitter-square"">
<div class=""pagelayer-icon-holder pagelayer-share-buttons"">
<i class=""pagelayer-social-fa fab fa-twitter-square""></i>
</div>
<div class=""pagelayer-icon-name"">
<span class=""pagelayer-icon-name-span"">Twitter</span>
</div>
</div>
</a></div><div class=""p-ndy3728 pagelayer-share"" pagelayer-id=""ndy3728"">
<a class=""pagelayer-ele-link"" href=""whatsapp://send?text=almuftionline.com/0017/05/22/1138/"" target=""_blank"" title=""fab fa-whatsapp"">
<div class=""pagelayer-share-content pagelayer-whatsapp"" data-icon=""fab fa-whatsapp"">
<div class=""pagelayer-icon-holder pagelayer-share-buttons"">
<i class=""pagelayer-social-fa fab fa-whatsapp""></i>
</div>
<div class=""pagelayer-icon-name"">
<span class=""pagelayer-icon-name-span"">WhatsApp</span>
</div>
</div>
</a></div></div></div></div></div></div><div class=""p-zqp4850 pagelayer-inner_row pagelayer-row-stretch-auto pagelayer-height-default"" pagelayer-id=""zqp4850"">
<style pagelayer-style-id=""zqp4850"">.p-zqp4850 .pagelayer-col-holder{padding: 10px}
.p-zqp4850 > .pagelayer-background-overlay{-webkit-transition: all 400ms !important; transition: all 400ms !important}
.p-zqp4850 .pagelayer-svg-top .pagelayer-shape-fill{fill:#227bc3}
.p-zqp4850 .pagelayer-row-svg .pagelayer-svg-top{width:100%;height:100px}
.p-zqp4850 .pagelayer-svg-bottom .pagelayer-shape-fill{fill:#e44993}
.p-zqp4850 .pagelayer-row-svg .pagelayer-svg-bottom{width:100%;height:100px}
</style>
<div class=""pagelayer-row-holder pagelayer-row pagelayer-auto pagelayer-width-auto""><div class=""p-q725202 pagelayer-col pagelayer-col-2"" pagelayer-id=""q725202"">
<style pagelayer-style-id=""q725202"">.p-q725202{align-content: center !important}
.p-q725202 .pagelayer-col-holder > div:not(:last-child){margin-bottom: 15px}
.p-q725202 > .pagelayer-background-overlay{-webkit-transition: all 400ms !important; transition: all 400ms !important}
</style>
<div class=""pagelayer-col-holder""><div class=""p-55r4448 pagelayer-post_nav"" pagelayer-id=""55r4448"">
<style pagelayer-style-id=""55r4448"">.p-55r4448 .pagelayer-post-nav-link{color:#adb5bd;font-family:  !important; font-size: 15px !important; font-style:  !important; font-weight:  !important; font-variant:  !important; text-decoration-line:  !important; text-decoration-style:  !important; line-height: em !important; text-transform:  !important; letter-spacing: px !important; word-spacing: px !important}
.p-55r4448 .pagelayer-post-nav-title{color:#000000;font-family:  !important; font-size: 18px !important; font-style:  !important; font-weight: bold !important; font-variant:  !important; text-decoration-line:  !important; text-decoration-style: Solid !important; line-height: em !important; text-transform:  !important; letter-spacing: px !important; word-spacing: px !important}
.p-55r4448 .pagelayer-post-nav-icon{color:#adb5bd;font-size:30px}
.p-55r4448 .pagelayer-post-nav-separator{display:none}
@media (max-width: 768px) and (min-width: 501px){.p-55r4448 .pagelayer-post-nav-link{font-family:  !important; font-size: 12px !important; font-style:  !important; font-weight:  !important; font-variant:  !important; text-decoration-line:  !important; text-decoration-style: Solid !important; line-height: em !important; text-transform:  !important; letter-spacing: px !important; word-spacing: px !important}
.p-55r4448 .pagelayer-post-nav-title{font-family:  !important; font-size: 15px !important; font-style:  !important; font-weight:  !important; font-variant:  !important; text-decoration-line:  !important; text-decoration-style: Solid !important; line-height: em !important; text-transform:  !important; letter-spacing: px !important; word-spacing: px !important}
}
@media (max-width: 500px){.p-55r4448 .pagelayer-post-nav-link{font-family:  !important; font-size: 12px !important; font-style:  !important; font-weight:  !important; font-variant:  !important; text-decoration-line:  !important; text-decoration-style: Solid !important; line-height: em !important; text-transform:  !important; letter-spacing: px !important; word-spacing: px !important}
.p-55r4448 .pagelayer-post-nav-title{font-family:  !important; font-size: 12px !important; font-style:  !important; font-weight:  !important; font-variant:  !important; text-decoration-line:  !important; text-decoration-style: Solid !important; line-height: em !important; text-transform:  !important; letter-spacing: px !important; word-spacing: px !important}
}
</style><div class=""pagelayer-post-nav-container"">
<div class=""pagelayer-prev-post"">
<a href=""https://almuftionline.com/0017/02/22/852/"" rel=""prev""><span class=""pagelayer-post-nav-icon fa fa-chevron-left""></span>
<span class=""pagelayer-next-holder"">
<span class=""pagelayer-post-nav-link""> Previous</span><span class=""pagelayer-post-nav-title"">ڈی ایس پی فنڈ کا حکم</span>
</span></a>
</div>
<div class=""pagelayer-post-nav-separator""></div>
<div class=""pagelayer-next-post"">
<a href=""https://almuftionline.com/0017/08/12/917/"" rel=""next""><span class=""pagelayer-next-holder"">
<span class=""pagelayer-post-nav-link""> Next</span><span class=""pagelayer-post-nav-title"">فسخ اجارہ کے لیے جانبین کی رضامندی ضروری ہے</span>
</span>
<span class=""pagelayer-post-nav-icon fa fa-chevron-right""></span></a>
</div>
</div></div></div></div></div></div></div>"
2017-02-22,https://almuftionline.com/0017/02/22/852/,ڈی ایس پی فنڈ کا حکم,,"<h4 class=""has-text-align-center"">اَلجَوَابْ بِاسْمِ مُلْہِمِ الصَّوَابْ

</h4><h6 class=""has-text-align-right"">حوالہ جات</h6><div style=""direction: rtl;font-family: Amiri;
    
     font-size: 13px; font-weight: 400;"">""قال - رحمه الله - (والأجرة لا تملك بالعقد بل بالتعجيل أو بشرطه أو بالاستيفاء أو بالتمكن منه)""
(تبيين الحقائق شرح كنز الدقائق وحاشية الشلبي5/106ط:المطبعۃ الکبری  الامیریۃ)

”أي لا تملك الأجرة بنفس العقد سواء كانت الأجرة عينا أو دينا، وإنما تملك بالتعجيل أو بشرط التعجيل أو باستيفاء المعقود عليه وهي المنفعة أو بالتمكن من استيفائه بتسليم العين المستأجرة في المدة،""
(تبيين الحقائق شرح كنز الدقائق وحاشية الشلبي5/106ط:المطبعۃ الکبری  الامیریۃ)

"": (والأجرة لا تجب بالعقد) أي لا يجب أداؤها؛ لأن العقد ينعقد شيئا فشيئا على حسب حدوث المنافع، والعقد معاوضة، ومن قضية المعاوضة المساواة، وإذا استوفى المنفعة ثبت الملك في الأجرة لتحقق التسوية وكذا إذا شرط التعجيل، أو عجل من غير شرط ولو استأجر دارا سنة بعبد معين ولم يقبضه المؤجر فأعتقه المستأجر قبل مضي المدة صح عتقه وعليه قيمته ولو أعتقه المؤجر لا يصح؛ لأنه لا يملكه بمجرد العقد ولو قبضه المؤجر فأعتقه نفذ عتقه""
(الجوهرة النيرة على مختصر القدوري1/266 ط:المطبعۃ الخیریۃ)	

"" (قوله: ويستحق بأحد معان ثلاثة إما أن يشترط التعجيل، أو بالتعجيل من غير شرط أو باستيفاء المعقود عليه)""
(الجوهرة النيرة على مختصر القدوري1/266 ط:المطبعۃ الخیریۃ)

""(المادة 466) لا تلزم الأجرة بالعقد المطلق. يعني لا يلزم تسليم بدل الإجارة بمجرد انعقادها حالا.""
(مجلة الأحكام العدلية (ص: 89)ط:نور محمد)	
</div><h6 class=""has-text-align-center"">
واللہ سبحانہ وتعالی اعلم
</h6><figure class=""wp-block-table""><table><tbody><tr><td><h3>مجیب</h3></td><td>محمد کامران</td><td><h3>مفتیان</h3></td><td>سیّد عابد شاہ صاحب / محمد حسین خلیل خیل صاحب</td></tr></tbody></table></figure>",57043,jameya-tur-rasheed,اجارہ یعنی کرایہ داری اور ملازمت کے احکام و مسائل,کرایہ داری کے متفرق احکام,"<div class=""pagelayer-col-holder""><div class=""p-kgd1425 pagelayer-post_excerpt"" pagelayer-id=""kgd1425"">
<style pagelayer-style-id=""kgd1425"">.p-kgd1425 .pagelayer-post-excerpt{color:#adb5bd;font-family: ; font-size: 15px !important; font-style: Italic !important; font-weight: 500 !important; font-variant:  !important; text-decoration-line:  !important; text-decoration-style:  !important; line-height: 1.5em !important; text-transform:  !important; letter-spacing: px !important; word-spacing: px !important;margin-top:0px; margin-right:0px; margin-bottom:0px; margin-left:0px}
.p-kgd1425{text-align: left;margin-top: 0px; margin-right: 0px; margin-bottom: 0px; margin-left: 0px;padding-top: 0px; padding-right: 0px; padding-bottom: 0px; padding-left: 0px}
</style></div><div class=""p-4wb1030 pagelayer-featured_img"" pagelayer-id=""4wb1030"">
<style pagelayer-style-id=""4wb1030"">.p-4wb1030{text-align: center}
.p-4wb1030 img{filter: blur(0px) brightness(100%) contrast(100%) grayscale(0%) hue-rotate(0deg) opacity(100%) saturate(100%);box-shadow: 0px 24px 36px 0px rgba(0,0,0,0.10)  !important;-webkit-transition: all 400ms; transition: all 400ms}
.p-4wb1030 .pagelayer-featured-caption{color: #0986c0}
</style>
<div class=""pagelayer-featured-img""></div>
</div><div class=""p-f8n3612 pagelayer-inner_row pagelayer-row-stretch-auto pagelayer-height-default"" pagelayer-id=""f8n3612"">
<style pagelayer-style-id=""f8n3612"">.p-f8n3612 .pagelayer-col-holder{padding: 10px}
.p-f8n3612 > .pagelayer-background-overlay{-webkit-transition: all 400ms !important; transition: all 400ms !important}
.p-f8n3612 .pagelayer-svg-top .pagelayer-shape-fill{fill:#227bc3}
.p-f8n3612 .pagelayer-row-svg .pagelayer-svg-top{width:100%;height:100px}
.p-f8n3612 .pagelayer-svg-bottom .pagelayer-shape-fill{fill:#e44993}
.p-f8n3612 .pagelayer-row-svg .pagelayer-svg-bottom{width:100%;height:100px}
</style>
<div class=""pagelayer-row-holder pagelayer-row pagelayer-auto pagelayer-width-auto""><div class=""p-i795860 pagelayer-col pagelayer-col-4"" pagelayer-id=""i795860"">
<style pagelayer-style-id=""i795860"">.p-i795860{align-content: center !important}
.p-i795860 .pagelayer-col-holder > div:not(:last-child){margin-bottom: 15px}
.p-i795860 > .pagelayer-background-overlay{-webkit-transition: all 400ms !important; transition: all 400ms !important}
</style>
<div class=""pagelayer-col-holder""><div class=""p-qip3968 pagelayer-post_info"" pagelayer-id=""qip3968"">
<style pagelayer-style-id=""qip3968"">.p-qip3968 .pagelayer-post-info-vertical .pagelayer-post-info-list-container{margin-right:25px}
.p-qip3968 .pagelayer-post-info-horizontal .pagelayer-post-info-list-container{margin-bottom:25px}
.p-qip3968 .pagelayer-post-info-container{text-align:right}
.p-qip3968 .pagelayer-post-info-icon span{font-size:120%;color:#495057}
.p-qip3968 .pagelayer-post-info-list-container a{font-family: Roboto !important; font-size: 14px !important; font-style:  !important; font-weight: 500 !important; font-variant:  !important; text-decoration-line:  !important; text-decoration-style:  !important; line-height: 1.6em !important; text-transform:  !important; letter-spacing: px !important; word-spacing: px !important}
.p-qip3968 .pagelayer-post-info-label{color:#495057}
.p-qip3968 .pagelayer-post-info-label a{color:#495057}
.p-qip3968 .pagelayer-post-info-label:hover{color:#000000}
.p-qip3968 .pagelayer-post-info-label:hover a{color:#000000}
</style><div class=""pagelayer-post-info-container pagelayer-post-info-vertical""><div class=""p-xj43574 pagelayer-post_info_list"" pagelayer-id=""xj43574"">
<div class=""pagelayer-post-info-list-container"">
<a class=""pagelayer-post-info-list-link"" href=""https://almuftionline.com/0017/02/22/"">
<span class=""pagelayer-post-info-icon"">
<span class=""far fa-clock""></span>
</span>
<span class=""pagelayer-post-info-label pagelayer-date"">فروری 22, 0017</span>
</a>
</div></div></div></div></div></div><div class=""p-t2j1983 pagelayer-col pagelayer-col-7"" pagelayer-id=""t2j1983"">
<style pagelayer-style-id=""t2j1983"">.p-t2j1983{align-content: center !important}
.p-t2j1983 .pagelayer-col-holder > div:not(:last-child){margin-bottom: 15px}
.p-t2j1983 > .pagelayer-background-overlay{-webkit-transition: all 400ms !important; transition: all 400ms !important}
</style>
<div class=""pagelayer-col-holder""><div class=""p-dbq3916 pagelayer-post_info"" pagelayer-id=""dbq3916"">
<style pagelayer-style-id=""dbq3916"">.p-dbq3916 .pagelayer-post-info-container{text-align:right}
.p-dbq3916 .pagelayer-post-info-icon span{font-size:120%;color:#495057}
.p-dbq3916 .pagelayer-post-info-list-container a{font-family: Roboto !important; font-size: 14px !important; font-style:  !important; font-weight: 500 !important; font-variant:  !important; text-decoration-line:  !important; text-decoration-style:  !important; line-height: 1.6em !important; text-transform:  !important; letter-spacing: px !important; word-spacing: px !important}
.p-dbq3916 .pagelayer-post-info-label{color:#0072ff}
.p-dbq3916 .pagelayer-post-info-label a{color:#0072ff}
.p-dbq3916 .pagelayer-terms *{color:#f8952c !important;padding-top:5px; padding-right:10px; padding-bottom:5px; padding-left:10px;margin-top:0px; margin-right:5px; margin-bottom:0px; margin-left:5px;border-radius: 4px 4px 4px 4px; -webkit-border-radius:  4px 4px 4px 4px;-moz-border-radius: 4px 4px 4px 4px}
.p-dbq3916{padding-top: 0px; padding-right: 0px; padding-bottom: 0px; padding-left: 0px}
@media (max-width: 768px) and (min-width: 501px){.p-dbq3916 .pagelayer-post-info-container{text-align:left}
}
@media (max-width: 500px){.p-dbq3916 .pagelayer-post-info-container{text-align:left}
}
</style><div class=""pagelayer-post-info-container pagelayer-post-info-vertical""><div class=""p-wpv7212 pagelayer-post_info_list"" pagelayer-id=""wpv7212"">
<div class=""pagelayer-post-info-list-container"">
<span class=""pagelayer-post-info-icon"">
</span>
<span class=""pagelayer-post-info-label pagelayer-terms""> <a href=""https://almuftionline.com/category/fatwa/29/""> اجارہ یعنی کرایہ داری اور ملازمت کے احکام و مسائل </a></span>
</div></div></div></div></div></div></div></div><div class=""p-trw3096 pagelayer-inner_row pagelayer-row-stretch-auto pagelayer-height-default"" pagelayer-id=""trw3096"">
<style pagelayer-style-id=""trw3096"">.p-trw3096 .pagelayer-col-holder{padding: 10px}
.p-trw3096 > .pagelayer-background-overlay{-webkit-transition: all 400ms !important; transition: all 400ms !important}
.p-trw3096 .pagelayer-svg-top .pagelayer-shape-fill{fill:#227bc3}
.p-trw3096 .pagelayer-row-svg .pagelayer-svg-top{width:100%;height:100px}
.p-trw3096 .pagelayer-svg-bottom .pagelayer-shape-fill{fill:#e44993}
.p-trw3096 .pagelayer-row-svg .pagelayer-svg-bottom{width:100%;height:100px}
</style>
<div class=""pagelayer-row-holder pagelayer-row pagelayer-auto pagelayer-width-auto""><div class=""p-wwu6541 pagelayer-col pagelayer-col-2"" pagelayer-id=""wwu6541"">
<style pagelayer-style-id=""wwu6541"">.p-wwu6541{align-content: center !important}
.p-wwu6541 .pagelayer-col-holder > div:not(:last-child){margin-bottom: 15px}
.p-wwu6541 > .pagelayer-background-overlay{-webkit-transition: all 400ms !important; transition: all 400ms !important}
</style>
<div class=""pagelayer-col-holder""><div class=""p-ccj4284 pagelayer-post_content"" pagelayer-id=""ccj4284"">
<style pagelayer-style-id=""ccj4284"">.p-ccj4284{text-align: right}
</style><div class=""entry-content pagelayer-post-excerpt""><figure class=""wp-block-table""><table><tbody><tr><td>57043</td><td>اجارہ یعنی کرایہ داری اور ملازمت کے احکام و مسائل</td><td>کرایہ داری کے متفرق احکام </td></tr></tbody></table></figure><div style=""direction:rtl;line-height: 2.5;""><h3 class=""has-text-align-center"">سوال</h3>
ڈی ایس پی فنڈ: پاکستان نیوی کے ملازمین کی تنخواہ سے ہر مہینے کچھ رقم DSP فنڈ کے نام سے کٹتی ہے، اس کٹوتی پر ملازمین کا کوئی اختیار نہیں کوئی چاہے یا نہ چاہے یہ رقم ہر صورت میں کٹتی ہے اور اس رقم پر سالانہ مختلف تناسب سے منافع یا سود لگتا ہے مثلاً کبھی 11.5% تو کبھی 13% کے حساب سے یعنی ہر سال تناسب کا فرق ہوتا ہے۔
ملازمین کو یہ اختیار حاصل ہے کہ اس رقم میں اضافہ کرسکیں البتہ یہ اختیار ہرگز نہیں کہ یہ کٹوتی مکمل طور پر ختم کرسکیں اور حال ہی میں یہ اختیار ملازمین کو ملا کہ وہ اس رقم پہ ملنے والا منافع یا سود لیں یانہ لیں۔
اس جمع شدہ رقم پر ملازمین کا مکمل اختیار نہیں۔ یہ جمع شدہ رقم حاصل کرنے کی بھی چند شرائط ہیں:
1.	یہ رقم 80% سے زائد نہیں نکلوائی جاسکتی۔
2.	اگر ملازم کی نوکری 5 سال سے زیادہ رہتی ہو تو نکلوائی ہوئی رقم اقساط میں واپس کرنا ضروری ہے
3.	اگر ملازم کی نوکری 5 سال سے کم رہتی ہو تو پھر نکلوائی ہوئی رقم لوٹانا ضروری نہیں۔
4.	نوکری مکمل ہونے یعنی ریٹائرمنٹ پر یہ رقم ملازم کو دے دی جاتی ہے۔
ہم نے اپنے طور پر معلومات کی بھر پور کوشش کی کہ یہ DSP فنڈ کے نام سے کٹنے والی رقم کہاں جاتی ہے اور کس کاروبار میں استعمال ہوتی ہے تو ہمیں کہیں سے بھی تصدیق شدہ جواب نہیں ملا، البتہ چند باتیں جو سننے آئیں وہ یہ ہیں کہ یہ رقم ہاؤسنگ اسکیم ، لائف انشورنس اور مختلف بینکوں کو کاروبار کے لیے دی جاتی ہے۔
سوال نمبر1:DSP فنڈ پر ملنے والی اضافی رقم جائز ہے یا ناجائز۔

سوال نمبر2:DSP فنڈ میں ملازمین کی ہر صورت پر کٹنے والی رقم پر ملنے والی زائد رقم لیناجائز ہے یا نہیں۔
سوال نمبر3: اگر ملازم اپنی مرضی سے اس کٹوٹی میں اضافہ کرواتا ہے تو ملنے والی زائد رقم جائز ہے یا نہیں ( مثلاً 75 روپے ہر صورت میں کٹتے تھے، اب ملازم نےیہ کٹوتی بڑھاکر 500 روپے کردی تو ملنے والی زائد رقم جائز ہے یا ناجائز۔
سوال نمبر4: اس DSP فنڈ پر ملازم کا مکمل اختیار نہیں لیکن اگر کسی کے DSP اکاؤنٹ میں جمع شدہ رقم اس حد تک پہنچ جائے جس پر زکوۃ لاگو ہوتی ہے تو اس پر زکوۃ دینا فرض ہے یا نہیں اور اسی طرح قربانی کا اور حج کا کیا حکم داخل ہے۔
<h4 class=""has-text-align-center"">اَلجَوَابْ بِاسْمِ مُلْہِمِ الصَّوَابْ

</h4>جواب سے پہلے بطور تمہیدچند امور ملاحظہ ہو۔
DSPفنڈ میں انتہاء ملازمت پر ملازم کو جو رقم ملتی ہے اس کے تین حصے ہوتے ہیں۔
1.	ایک حصہ وہ ہے جو اس کی تنخواہ سے کاٹا گیا۔ ملازم کے لیے اس رقم کو وصول کرنے میں تو کوئی اشکال نہیں، کیونکہ رقم کا یہ حصہ تو اس کاحق ہے۔
2.	دوسرا حصہ وہ ہے جو حکومت یا محکمہ اپنی طرف سے اضافی طور پرجمع کرتا ہے۔ یہ اضافہ بھی اگرچہ محکمے کی طرف سے بنام سود کیاجاتا ہے، لیکن اصل حقیقت یہ ہے کہ رقم کا یہ حصہ  محکمے کی طرف سے اصل تنخواہ میں اضافہ ہے،جووہ تبرعا کرتا ہے، لہذا اس کو لینے میں بھی کوئی حرج نہیں۔
3.	تیسرا حصہ وہ ہے جو محکمے نے اس فنڈ کی رقم کو کسی نفع بخش کاروبار میں لگاکر حاصل کیا ہو، عموما اس فنڈ کی رقم کو سودی کاروبار میں لگایا جا تا ہے۔
اس رقم کے بارے میں بظاہر یہ معلوم ہوتاہے کہ ملازم کے لیےیہ رقم لینا جائز نہ ہونا چاہیے،کیونکہ یہ رقم  سودی کاروبار سے حاصل شدہ سودہوتاہے، اور حکومت یا محکمے کی طرف  سےملازم کو یہ اضافہ بھی بنام سود دیا جاتا ہے۔
مگر اہل علم نے اس رقم کو بھی اس بنیاد پرملازم کے لیےلینا جائز قرار دیاہے کہ فقہی اعتبار سے اس رقم پرربا کی تعریف صادق نہیں آتی، کیونکہ تنخواہ کا جو حصہ ملازم کو موصول نہیں ہوا وہ ابھی اس کی ملکیت میں نہیں آیا،بلکہ بدستور محکمہ ہی کی ملکیت میں ہے، اسی طرح محکمہ نےاپنی طرف سے جو اس میں زیادتی کی ہے وہ بھی اسی کی ملکیت میں ہے،اس لیے محکمہ تیسرے ادارے سے جو سود حاصل کرتا ہے گویا وہ سود وہ اپنی مملوک رقم لگاکر حاصل کرتا ہے، اور پھر اسے محکمے کی عام رقم میں ملا بھی دیتا ہے، لہذا اس کے بعد وہ اپنے مجموعی خزانے سے  ملازم کو  جو حصہ دیتا ہےوہ بھی ملازم کی اجرت میں محکمے کی طرف سے  اضافہ شمار ہوگا، اس لیے ملازم کے لیے اس کو وصول کرنا جائز ہے۔
مذکورہ بالا امور کی روشنی میں صورت مسئولہ کا جواب یہ ہے کہ DSPفنڈ میں جورقم بنام  سود دی جاتی ہے، وہ  شرعا  سود نہیں،بلکہ محکمہ کی طرف سے ملازم کی تنخواہ میں تبرعا کیا جانے والا اضافہ ہے، اس لیے اس کو لینا جائز ہے۔
اسی طرح اگر ملازم اپنی مرضی سے اس کٹوتی میں اضافہ کرواتا ہے تو ملنے والی زائد رقم جائز ہے کیونکہ اس صورت میں رقم پر ملازم کی ملکیت نہیں آتی ہے بلکہ یہ رقم ادارے کی ملکیت میں ہوتی ہے، ملازم کی ملکیت میں رقم تب آتی ہے جب وہ باقاعدہ اس کو وصول کرے۔
اسی طرح جب یہ DSP فنڈ ادارے کی ملکیت میں ہےتو یہ رقم اگرچہ DSP اکاؤنٹ میں نصاب کی حد تک پہنچ جائے، اس کی وجہ سے ملازم پر نہ زکوۃ لازم ہوگی، نہ ہی قربانی و حج۔
</div><h6 class=""has-text-align-right"">حوالہ جات</h6><div style=""direction: rtl;font-family: Amiri;
    
     font-size: 13px; font-weight: 400;"">""قال - رحمه الله - (والأجرة لا تملك بالعقد بل بالتعجيل أو بشرطه أو بالاستيفاء أو بالتمكن منه)""
(تبيين الحقائق شرح كنز الدقائق وحاشية الشلبي5/106ط:المطبعۃ الکبری  الامیریۃ)

”أي لا تملك الأجرة بنفس العقد سواء كانت الأجرة عينا أو دينا، وإنما تملك بالتعجيل أو بشرط التعجيل أو باستيفاء المعقود عليه وهي المنفعة أو بالتمكن من استيفائه بتسليم العين المستأجرة في المدة،""
(تبيين الحقائق شرح كنز الدقائق وحاشية الشلبي5/106ط:المطبعۃ الکبری  الامیریۃ)

"": (والأجرة لا تجب بالعقد) أي لا يجب أداؤها؛ لأن العقد ينعقد شيئا فشيئا على حسب حدوث المنافع، والعقد معاوضة، ومن قضية المعاوضة المساواة، وإذا استوفى المنفعة ثبت الملك في الأجرة لتحقق التسوية وكذا إذا شرط التعجيل، أو عجل من غير شرط ولو استأجر دارا سنة بعبد معين ولم يقبضه المؤجر فأعتقه المستأجر قبل مضي المدة صح عتقه وعليه قيمته ولو أعتقه المؤجر لا يصح؛ لأنه لا يملكه بمجرد العقد ولو قبضه المؤجر فأعتقه نفذ عتقه""
(الجوهرة النيرة على مختصر القدوري1/266 ط:المطبعۃ الخیریۃ)	

"" (قوله: ويستحق بأحد معان ثلاثة إما أن يشترط التعجيل، أو بالتعجيل من غير شرط أو باستيفاء المعقود عليه)""
(الجوهرة النيرة على مختصر القدوري1/266 ط:المطبعۃ الخیریۃ)

""(المادة 466) لا تلزم الأجرة بالعقد المطلق. يعني لا يلزم تسليم بدل الإجارة بمجرد انعقادها حالا.""
(مجلة الأحكام العدلية (ص: 89)ط:نور محمد)	
</div>..<h6 class=""has-text-align-center"">
واللہ سبحانہ وتعالی اعلم
</h6><figure class=""wp-block-table""><table><tbody><tr><td><h3>مجیب</h3></td><td>محمد کامران</td><td><h3>مفتیان</h3></td><td>سیّد عابد شاہ صاحب / محمد حسین خلیل خیل صاحب</td></tr></tbody></table></figure></div></div></div></div></div></div><div class=""p-wl6689 pagelayer-inner_row pagelayer-row-stretch-auto pagelayer-height-default"" pagelayer-id=""wl6689"">
<style pagelayer-style-id=""wl6689"">.p-wl6689 .pagelayer-col-holder{padding: 10px}
.p-wl6689 > .pagelayer-background-overlay{-webkit-transition: all 400ms !important; transition: all 400ms !important}
.p-wl6689 .pagelayer-svg-top .pagelayer-shape-fill{fill:#227bc3}
.p-wl6689 .pagelayer-row-svg .pagelayer-svg-top{width:100%;height:100px}
.p-wl6689 .pagelayer-svg-bottom .pagelayer-shape-fill{fill:#e44993}
.p-wl6689 .pagelayer-row-svg .pagelayer-svg-bottom{width:100%;height:100px}
</style>
<div class=""pagelayer-row-holder pagelayer-row pagelayer-auto pagelayer-width-auto""><div class=""p-jzl6522 pagelayer-col pagelayer-col-6"" pagelayer-id=""jzl6522"">
<style pagelayer-style-id=""jzl6522"">.p-jzl6522{align-content: center !important}
.p-jzl6522 .pagelayer-col-holder > div:not(:last-child){margin-bottom: 15px}
.p-jzl6522 > .pagelayer-background-overlay{-webkit-transition: all 400ms !important; transition: all 400ms !important}
</style>
<div class=""pagelayer-col-holder""><div class=""p-xsb5673 pagelayer-share_grp pagelayer-share-type-icon-label pagelayer-social-bg-none pagelayer-scheme-official"" pagelayer-id=""xsb5673"">
<style pagelayer-style-id=""xsb5673"">.p-xsb5673{text-align: right}
.p-xsb5673 .pagelayer-share-content{min-height: 35px;-webkit-transition: all 400ms; transition: all 400ms}
.p-xsb5673 i{font-size: 27px}
.p-xsb5673 .pagelayer-icon-holder{font-size: 27px}
.p-xsb5673 .pagelayer-share-content i{-webkit-transition: all 400ms; transition: all 400ms}
.p-xsb5673 .pagelayer-icon-name{font-family: Roboto; font-size: 15px !important; font-style:  !important; font-weight: 500 !important; font-variant:  !important; text-decoration-line:  !important; text-decoration-style:  !important; line-height: em !important; text-transform:  !important; letter-spacing: px !important; word-spacing: px !important}
@media (max-width: 768px) and (min-width: 501px){.p-xsb5673{text-align: left}
.p-xsb5673 .pagelayer-share{padding-top: 10px; padding-bottom: 10px;padding-left: 10px; padding-right: 10px}
.p-xsb5673 i{font-size: 20px}
.p-xsb5673 .pagelayer-icon-holder{font-size: 20px}
.p-xsb5673 .pagelayer-icon-name{font-family: ; font-size: 13px !important; font-style:  !important; font-weight:  !important; font-variant:  !important; text-decoration-line:  !important; text-decoration-style:  !important; line-height: em !important; text-transform:  !important; letter-spacing: px !important; word-spacing: px !important}
}
@media (max-width: 500px){.p-xsb5673{text-align: left}
.p-xsb5673 .pagelayer-share{padding-top: 10px; padding-bottom: 10px;padding-left: 10px; padding-right: 10px}
.p-xsb5673 .pagelayer-share-content{min-height: NaNpx}
.p-xsb5673 i{font-size: 20px}
.p-xsb5673 .pagelayer-icon-holder{font-size: 20px}
.p-xsb5673 .pagelayer-icon-name{font-family: ; font-size: 13px !important; font-style:  !important; font-weight:  !important; font-variant:  !important; text-decoration-line:  !important; text-decoration-style:  !important; line-height: em !important; text-transform:  !important; letter-spacing: px !important; word-spacing: px !important}
}
</style><div class=""p-9mh2934 pagelayer-share"" pagelayer-id=""9mh2934"">
<a class=""pagelayer-ele-link"" href=""https://www.facebook.com/sharer/sharer.php?u=almuftionline.com/0017/02/22/852/"" target=""_blank"" title=""fab fa-facebook-square"">
<div class=""pagelayer-share-content pagelayer-facebook-square"" data-icon=""fab fa-facebook-square"">
<div class=""pagelayer-icon-holder pagelayer-share-buttons"">
<i class=""pagelayer-social-fa fab fa-facebook-square""></i>
</div>
<div class=""pagelayer-icon-name"">
<span class=""pagelayer-icon-name-span"">Facebook</span>
</div>
</div>
</a></div><div class=""p-rai4926 pagelayer-share"" pagelayer-id=""rai4926"">
<a class=""pagelayer-ele-link"" href=""https://twitter.com/share?url=almuftionline.com/0017/02/22/852/"" target=""_blank"" title=""fab fa-twitter-square"">
<div class=""pagelayer-share-content pagelayer-twitter-square"" data-icon=""fab fa-twitter-square"">
<div class=""pagelayer-icon-holder pagelayer-share-buttons"">
<i class=""pagelayer-social-fa fab fa-twitter-square""></i>
</div>
<div class=""pagelayer-icon-name"">
<span class=""pagelayer-icon-name-span"">Twitter</span>
</div>
</div>
</a></div><div class=""p-ndy3728 pagelayer-share"" pagelayer-id=""ndy3728"">
<a class=""pagelayer-ele-link"" href=""whatsapp://send?text=almuftionline.com/0017/02/22/852/"" target=""_blank"" title=""fab fa-whatsapp"">
<div class=""pagelayer-share-content pagelayer-whatsapp"" data-icon=""fab fa-whatsapp"">
<div class=""pagelayer-icon-holder pagelayer-share-buttons"">
<i class=""pagelayer-social-fa fab fa-whatsapp""></i>
</div>
<div class=""pagelayer-icon-name"">
<span class=""pagelayer-icon-name-span"">WhatsApp</span>
</div>
</div>
</a></div></div></div></div></div></div><div class=""p-zqp4850 pagelayer-inner_row pagelayer-row-stretch-auto pagelayer-height-default"" pagelayer-id=""zqp4850"">
<style pagelayer-style-id=""zqp4850"">.p-zqp4850 .pagelayer-col-holder{padding: 10px}
.p-zqp4850 > .pagelayer-background-overlay{-webkit-transition: all 400ms !important; transition: all 400ms !important}
.p-zqp4850 .pagelayer-svg-top .pagelayer-shape-fill{fill:#227bc3}
.p-zqp4850 .pagelayer-row-svg .pagelayer-svg-top{width:100%;height:100px}
.p-zqp4850 .pagelayer-svg-bottom .pagelayer-shape-fill{fill:#e44993}
.p-zqp4850 .pagelayer-row-svg .pagelayer-svg-bottom{width:100%;height:100px}
</style>
<div class=""pagelayer-row-holder pagelayer-row pagelayer-auto pagelayer-width-auto""><div class=""p-q725202 pagelayer-col pagelayer-col-2"" pagelayer-id=""q725202"">
<style pagelayer-style-id=""q725202"">.p-q725202{align-content: center !important}
.p-q725202 .pagelayer-col-holder > div:not(:last-child){margin-bottom: 15px}
.p-q725202 > .pagelayer-background-overlay{-webkit-transition: all 400ms !important; transition: all 400ms !important}
</style>
<div class=""pagelayer-col-holder""><div class=""p-55r4448 pagelayer-post_nav"" pagelayer-id=""55r4448"">
<style pagelayer-style-id=""55r4448"">.p-55r4448 .pagelayer-post-nav-link{color:#adb5bd;font-family:  !important; font-size: 15px !important; font-style:  !important; font-weight:  !important; font-variant:  !important; text-decoration-line:  !important; text-decoration-style:  !important; line-height: em !important; text-transform:  !important; letter-spacing: px !important; word-spacing: px !important}
.p-55r4448 .pagelayer-post-nav-title{color:#000000;font-family:  !important; font-size: 18px !important; font-style:  !important; font-weight: bold !important; font-variant:  !important; text-decoration-line:  !important; text-decoration-style: Solid !important; line-height: em !important; text-transform:  !important; letter-spacing: px !important; word-spacing: px !important}
.p-55r4448 .pagelayer-post-nav-icon{color:#adb5bd;font-size:30px}
.p-55r4448 .pagelayer-post-nav-separator{display:none}
@media (max-width: 768px) and (min-width: 501px){.p-55r4448 .pagelayer-post-nav-link{font-family:  !important; font-size: 12px !important; font-style:  !important; font-weight:  !important; font-variant:  !important; text-decoration-line:  !important; text-decoration-style: Solid !important; line-height: em !important; text-transform:  !important; letter-spacing: px !important; word-spacing: px !important}
.p-55r4448 .pagelayer-post-nav-title{font-family:  !important; font-size: 15px !important; font-style:  !important; font-weight:  !important; font-variant:  !important; text-decoration-line:  !important; text-decoration-style: Solid !important; line-height: em !important; text-transform:  !important; letter-spacing: px !important; word-spacing: px !important}
}
@media (max-width: 500px){.p-55r4448 .pagelayer-post-nav-link{font-family:  !important; font-size: 12px !important; font-style:  !important; font-weight:  !important; font-variant:  !important; text-decoration-line:  !important; text-decoration-style: Solid !important; line-height: em !important; text-transform:  !important; letter-spacing: px !important; word-spacing: px !important}
.p-55r4448 .pagelayer-post-nav-title{font-family:  !important; font-size: 12px !important; font-style:  !important; font-weight:  !important; font-variant:  !important; text-decoration-line:  !important; text-decoration-style: Solid !important; line-height: em !important; text-transform:  !important; letter-spacing: px !important; word-spacing: px !important}
}
</style><div class=""pagelayer-post-nav-container"">
<div class=""pagelayer-prev-post"">
<a href=""https://almuftionline.com/0016/02/29/2661/"" rel=""prev""><span class=""pagelayer-post-nav-icon fa fa-chevron-left""></span>
<span class=""pagelayer-next-holder"">
<span class=""pagelayer-post-nav-link""> Previous</span><span class=""pagelayer-post-nav-title"">کیا ایک بھائی کی کمائی میں دوسرے بھائیوں کاحق ہے؟</span>
</span></a>
</div>
<div class=""pagelayer-post-nav-separator""></div>
<div class=""pagelayer-next-post"">
<a href=""https://almuftionline.com/0017/05/22/1138/"" rel=""next""><span class=""pagelayer-next-holder"">
<span class=""pagelayer-post-nav-link""> Next</span><span class=""pagelayer-post-nav-title"">بروکر کا خریدار کو دھوکہ دینے کا حکم</span>
</span>
<span class=""pagelayer-post-nav-icon fa fa-chevron-right""></span></a>
</div>
</div></div></div></div></div></div></div>"
2016-02-29,https://almuftionline.com/0016/02/29/2661/,کیا ایک بھائی کی کمائی میں دوسرے بھائیوں کاحق ہے؟,<p>اپنے امام صاحب اور کچھ بزرگوں سے مشاورت ہوئی تو ان کی یہ رائے سامنے آئی اور زبانی طور پر امام صاحب نے بھی یہ رہنمائی فرمائی کہ چاہے ایک آدمی کے 10بچے ہوں اور ان میں سے ایک کمائے اور باقی کے کھائیں لیکن جب ترکہ تقسیم ہو گا تو سب کو برابر ملے گا اور اصولاً بڑے بھائیوں کو چھوٹے بھائیوں کی شادیوں میں کئے گئے اخراجات میں تعاون کرنا پڑے گا ،یہ ان کی رائے تھی۔اب بڑے والے بھائیوں کا یہ مطالبہ ہے کہ جو ہم نے اپنے لئے اپنے نام سے جو بھی مکان ،پلاٹ اور زمین خریدی ہیں وہ صرف ہماری ملکیت ہے اور اس کا ترکہ میں شمار نہیں ہو گا اور نہ ہی اس کا ترکہ سے کوئی تعلق ہے ۔ لہذا ترکہ میں صرف یہ ایک ہی مکان ہے کیا ان سب بھائیوں کا جو بڑے ہیں یہ فیصلہ حق ہے؟</p>,"<h4 class=""has-text-align-center"">اَلجَوَابْ بِاسْمِ مُلْہِمِ الصَّوَابْ

</h4><p>امام صاحب کی بات درست  ہے کہ بچوں نے کماکر  باپ کو  مالک بناکر دیدئے اسکا باپ مالک بن گیا اب والد  کے انتقا ل کے وقت جومال بھی اس کی ملک میں ہوگا  وہ  تمام مال  شرعی ورثہ کے درمیان تقسیم ہوگا ۔ جیسا کہ سوال نمبر ۸کے جواب میں لکھا جاچکاہے کہ چھوٹے بھائیوں کی شادی میں تعاون کرنا  بڑے بھائیوں پر شرعا لازم تو نہیں ہے تاہم اخلاقا بڑے بھائیوں کو چاہئے  کہ چھوٹے بھائیوں کی شادی کے خرچہ میں حصہ ملائیں ۔</p><h6 class=""has-text-align-right"">حوالہ جات</h6><div style=""direction: rtl;font-family: Amiri;
    
     font-size: 13px; font-weight: 400;"">۔۔۔۔۔۔۔۔</div><h6 class=""has-text-align-center"">
واللہ سبحانہ وتعالی اعلم
</h6><figure class=""wp-block-table""><table><tbody><tr><td><h3>مجیب</h3></td><td>احسان اللہ شائق </td><td><h3>مفتیان</h3></td><td> آفتاب احمد صاحب    / سعید احمد حسن صاحب</td></tr></tbody></table></figure>",55201.9,jameya-tur-rasheed,شرکت کے مسائل,شرکت سے متعلق متفرق مسائل,"<div class=""pagelayer-col-holder""><div class=""p-kgd1425 pagelayer-post_excerpt"" pagelayer-id=""kgd1425"">
<style pagelayer-style-id=""kgd1425"">.p-kgd1425 .pagelayer-post-excerpt{color:#adb5bd;font-family: ; font-size: 15px !important; font-style: Italic !important; font-weight: 500 !important; font-variant:  !important; text-decoration-line:  !important; text-decoration-style:  !important; line-height: 1.5em !important; text-transform:  !important; letter-spacing: px !important; word-spacing: px !important;margin-top:0px; margin-right:0px; margin-bottom:0px; margin-left:0px}
.p-kgd1425{text-align: left;margin-top: 0px; margin-right: 0px; margin-bottom: 0px; margin-left: 0px;padding-top: 0px; padding-right: 0px; padding-bottom: 0px; padding-left: 0px}
</style></div><div class=""p-4wb1030 pagelayer-featured_img"" pagelayer-id=""4wb1030"">
<style pagelayer-style-id=""4wb1030"">.p-4wb1030{text-align: center}
.p-4wb1030 img{filter: blur(0px) brightness(100%) contrast(100%) grayscale(0%) hue-rotate(0deg) opacity(100%) saturate(100%);box-shadow: 0px 24px 36px 0px rgba(0,0,0,0.10)  !important;-webkit-transition: all 400ms; transition: all 400ms}
.p-4wb1030 .pagelayer-featured-caption{color: #0986c0}
</style>
<div class=""pagelayer-featured-img""></div>
</div><div class=""p-f8n3612 pagelayer-inner_row pagelayer-row-stretch-auto pagelayer-height-default"" pagelayer-id=""f8n3612"">
<style pagelayer-style-id=""f8n3612"">.p-f8n3612 .pagelayer-col-holder{padding: 10px}
.p-f8n3612 > .pagelayer-background-overlay{-webkit-transition: all 400ms !important; transition: all 400ms !important}
.p-f8n3612 .pagelayer-svg-top .pagelayer-shape-fill{fill:#227bc3}
.p-f8n3612 .pagelayer-row-svg .pagelayer-svg-top{width:100%;height:100px}
.p-f8n3612 .pagelayer-svg-bottom .pagelayer-shape-fill{fill:#e44993}
.p-f8n3612 .pagelayer-row-svg .pagelayer-svg-bottom{width:100%;height:100px}
</style>
<div class=""pagelayer-row-holder pagelayer-row pagelayer-auto pagelayer-width-auto""><div class=""p-i795860 pagelayer-col pagelayer-col-4"" pagelayer-id=""i795860"">
<style pagelayer-style-id=""i795860"">.p-i795860{align-content: center !important}
.p-i795860 .pagelayer-col-holder > div:not(:last-child){margin-bottom: 15px}
.p-i795860 > .pagelayer-background-overlay{-webkit-transition: all 400ms !important; transition: all 400ms !important}
</style>
<div class=""pagelayer-col-holder""><div class=""p-qip3968 pagelayer-post_info"" pagelayer-id=""qip3968"">
<style pagelayer-style-id=""qip3968"">.p-qip3968 .pagelayer-post-info-vertical .pagelayer-post-info-list-container{margin-right:25px}
.p-qip3968 .pagelayer-post-info-horizontal .pagelayer-post-info-list-container{margin-bottom:25px}
.p-qip3968 .pagelayer-post-info-container{text-align:right}
.p-qip3968 .pagelayer-post-info-icon span{font-size:120%;color:#495057}
.p-qip3968 .pagelayer-post-info-list-container a{font-family: Roboto !important; font-size: 14px !important; font-style:  !important; font-weight: 500 !important; font-variant:  !important; text-decoration-line:  !important; text-decoration-style:  !important; line-height: 1.6em !important; text-transform:  !important; letter-spacing: px !important; word-spacing: px !important}
.p-qip3968 .pagelayer-post-info-label{color:#495057}
.p-qip3968 .pagelayer-post-info-label a{color:#495057}
.p-qip3968 .pagelayer-post-info-label:hover{color:#000000}
.p-qip3968 .pagelayer-post-info-label:hover a{color:#000000}
</style><div class=""pagelayer-post-info-container pagelayer-post-info-vertical""><div class=""p-xj43574 pagelayer-post_info_list"" pagelayer-id=""xj43574"">
<div class=""pagelayer-post-info-list-container"">
<a class=""pagelayer-post-info-list-link"" href=""https://almuftionline.com/0016/02/29/"">
<span class=""pagelayer-post-info-icon"">
<span class=""far fa-clock""></span>
</span>
<span class=""pagelayer-post-info-label pagelayer-date"">فروری 29, 0016</span>
</a>
</div></div></div></div></div></div><div class=""p-t2j1983 pagelayer-col pagelayer-col-7"" pagelayer-id=""t2j1983"">
<style pagelayer-style-id=""t2j1983"">.p-t2j1983{align-content: center !important}
.p-t2j1983 .pagelayer-col-holder > div:not(:last-child){margin-bottom: 15px}
.p-t2j1983 > .pagelayer-background-overlay{-webkit-transition: all 400ms !important; transition: all 400ms !important}
</style>
<div class=""pagelayer-col-holder""><div class=""p-dbq3916 pagelayer-post_info"" pagelayer-id=""dbq3916"">
<style pagelayer-style-id=""dbq3916"">.p-dbq3916 .pagelayer-post-info-container{text-align:right}
.p-dbq3916 .pagelayer-post-info-icon span{font-size:120%;color:#495057}
.p-dbq3916 .pagelayer-post-info-list-container a{font-family: Roboto !important; font-size: 14px !important; font-style:  !important; font-weight: 500 !important; font-variant:  !important; text-decoration-line:  !important; text-decoration-style:  !important; line-height: 1.6em !important; text-transform:  !important; letter-spacing: px !important; word-spacing: px !important}
.p-dbq3916 .pagelayer-post-info-label{color:#0072ff}
.p-dbq3916 .pagelayer-post-info-label a{color:#0072ff}
.p-dbq3916 .pagelayer-terms *{color:#f8952c !important;padding-top:5px; padding-right:10px; padding-bottom:5px; padding-left:10px;margin-top:0px; margin-right:5px; margin-bottom:0px; margin-left:5px;border-radius: 4px 4px 4px 4px; -webkit-border-radius:  4px 4px 4px 4px;-moz-border-radius: 4px 4px 4px 4px}
.p-dbq3916{padding-top: 0px; padding-right: 0px; padding-bottom: 0px; padding-left: 0px}
@media (max-width: 768px) and (min-width: 501px){.p-dbq3916 .pagelayer-post-info-container{text-align:left}
}
@media (max-width: 500px){.p-dbq3916 .pagelayer-post-info-container{text-align:left}
}
</style><div class=""pagelayer-post-info-container pagelayer-post-info-vertical""><div class=""p-wpv7212 pagelayer-post_info_list"" pagelayer-id=""wpv7212"">
<div class=""pagelayer-post-info-list-container"">
<span class=""pagelayer-post-info-icon"">
</span>
<span class=""pagelayer-post-info-label pagelayer-terms""> <a href=""https://almuftionline.com/category/fatwa/27/""> شرکت کے مسائل </a></span>
</div></div></div></div></div></div></div></div><div class=""p-trw3096 pagelayer-inner_row pagelayer-row-stretch-auto pagelayer-height-default"" pagelayer-id=""trw3096"">
<style pagelayer-style-id=""trw3096"">.p-trw3096 .pagelayer-col-holder{padding: 10px}
.p-trw3096 > .pagelayer-background-overlay{-webkit-transition: all 400ms !important; transition: all 400ms !important}
.p-trw3096 .pagelayer-svg-top .pagelayer-shape-fill{fill:#227bc3}
.p-trw3096 .pagelayer-row-svg .pagelayer-svg-top{width:100%;height:100px}
.p-trw3096 .pagelayer-svg-bottom .pagelayer-shape-fill{fill:#e44993}
.p-trw3096 .pagelayer-row-svg .pagelayer-svg-bottom{width:100%;height:100px}
</style>
<div class=""pagelayer-row-holder pagelayer-row pagelayer-auto pagelayer-width-auto""><div class=""p-wwu6541 pagelayer-col pagelayer-col-2"" pagelayer-id=""wwu6541"">
<style pagelayer-style-id=""wwu6541"">.p-wwu6541{align-content: center !important}
.p-wwu6541 .pagelayer-col-holder > div:not(:last-child){margin-bottom: 15px}
.p-wwu6541 > .pagelayer-background-overlay{-webkit-transition: all 400ms !important; transition: all 400ms !important}
</style>
<div class=""pagelayer-col-holder""><div class=""p-ccj4284 pagelayer-post_content"" pagelayer-id=""ccj4284"">
<style pagelayer-style-id=""ccj4284"">.p-ccj4284{text-align: right}
</style><div class=""entry-content pagelayer-post-excerpt""><figure class=""wp-block-table""><table><tbody><tr><td>55201.9</td><td>شرکت کے مسائل</td><td>شرکت سے متعلق متفرق مسائل</td></tr></tbody></table></figure><div style=""direction:rtl;line-height: 2.5;""><h3 class=""has-text-align-center"">سوال</h3><p>اپنے امام صاحب اور کچھ بزرگوں سے مشاورت ہوئی تو ان کی یہ رائے سامنے آئی اور زبانی طور پر امام صاحب نے بھی یہ رہنمائی فرمائی کہ چاہے ایک آدمی کے 10بچے ہوں اور ان میں سے ایک کمائے اور باقی کے کھائیں لیکن جب ترکہ تقسیم ہو گا تو سب کو برابر ملے گا اور اصولاً بڑے بھائیوں کو چھوٹے بھائیوں کی شادیوں میں کئے گئے اخراجات میں تعاون کرنا پڑے گا ،یہ ان کی رائے تھی۔اب بڑے والے بھائیوں کا یہ مطالبہ ہے کہ جو ہم نے اپنے لئے اپنے نام سے جو بھی مکان ،پلاٹ اور زمین خریدی ہیں وہ صرف ہماری ملکیت ہے اور اس کا ترکہ میں شمار نہیں ہو گا اور نہ ہی اس کا ترکہ سے کوئی تعلق ہے ۔ لہذا ترکہ میں صرف یہ ایک ہی مکان ہے کیا ان سب بھائیوں کا جو بڑے ہیں یہ فیصلہ حق ہے؟</p>
<h4 class=""has-text-align-center"">اَلجَوَابْ بِاسْمِ مُلْہِمِ الصَّوَابْ

</h4><p>امام صاحب کی بات درست  ہے کہ بچوں نے کماکر  باپ کو  مالک بناکر دیدئے اسکا باپ مالک بن گیا اب والد  کے انتقا ل کے وقت جومال بھی اس کی ملک میں ہوگا  وہ  تمام مال  شرعی ورثہ کے درمیان تقسیم ہوگا ۔ جیسا کہ سوال نمبر ۸کے جواب میں لکھا جاچکاہے کہ چھوٹے بھائیوں کی شادی میں تعاون کرنا  بڑے بھائیوں پر شرعا لازم تو نہیں ہے تاہم اخلاقا بڑے بھائیوں کو چاہئے  کہ چھوٹے بھائیوں کی شادی کے خرچہ میں حصہ ملائیں ۔</p>
</div><h6 class=""has-text-align-right"">حوالہ جات</h6><div style=""direction: rtl;font-family: Amiri;
    
     font-size: 13px; font-weight: 400;"">۔۔۔۔۔۔۔۔</div>..<h6 class=""has-text-align-center"">
واللہ سبحانہ وتعالی اعلم
</h6><figure class=""wp-block-table""><table><tbody><tr><td><h3>مجیب</h3></td><td>احسان اللہ شائق </td><td><h3>مفتیان</h3></td><td> آفتاب احمد صاحب    / سعید احمد حسن صاحب</td></tr></tbody></table></figure></div></div></div></div></div></div><div class=""p-wl6689 pagelayer-inner_row pagelayer-row-stretch-auto pagelayer-height-default"" pagelayer-id=""wl6689"">
<style pagelayer-style-id=""wl6689"">.p-wl6689 .pagelayer-col-holder{padding: 10px}
.p-wl6689 > .pagelayer-background-overlay{-webkit-transition: all 400ms !important; transition: all 400ms !important}
.p-wl6689 .pagelayer-svg-top .pagelayer-shape-fill{fill:#227bc3}
.p-wl6689 .pagelayer-row-svg .pagelayer-svg-top{width:100%;height:100px}
.p-wl6689 .pagelayer-svg-bottom .pagelayer-shape-fill{fill:#e44993}
.p-wl6689 .pagelayer-row-svg .pagelayer-svg-bottom{width:100%;height:100px}
</style>
<div class=""pagelayer-row-holder pagelayer-row pagelayer-auto pagelayer-width-auto""><div class=""p-jzl6522 pagelayer-col pagelayer-col-6"" pagelayer-id=""jzl6522"">
<style pagelayer-style-id=""jzl6522"">.p-jzl6522{align-content: center !important}
.p-jzl6522 .pagelayer-col-holder > div:not(:last-child){margin-bottom: 15px}
.p-jzl6522 > .pagelayer-background-overlay{-webkit-transition: all 400ms !important; transition: all 400ms !important}
</style>
<div class=""pagelayer-col-holder""><div class=""p-xsb5673 pagelayer-share_grp pagelayer-share-type-icon-label pagelayer-social-bg-none pagelayer-scheme-official"" pagelayer-id=""xsb5673"">
<style pagelayer-style-id=""xsb5673"">.p-xsb5673{text-align: right}
.p-xsb5673 .pagelayer-share-content{min-height: 35px;-webkit-transition: all 400ms; transition: all 400ms}
.p-xsb5673 i{font-size: 27px}
.p-xsb5673 .pagelayer-icon-holder{font-size: 27px}
.p-xsb5673 .pagelayer-share-content i{-webkit-transition: all 400ms; transition: all 400ms}
.p-xsb5673 .pagelayer-icon-name{font-family: Roboto; font-size: 15px !important; font-style:  !important; font-weight: 500 !important; font-variant:  !important; text-decoration-line:  !important; text-decoration-style:  !important; line-height: em !important; text-transform:  !important; letter-spacing: px !important; word-spacing: px !important}
@media (max-width: 768px) and (min-width: 501px){.p-xsb5673{text-align: left}
.p-xsb5673 .pagelayer-share{padding-top: 10px; padding-bottom: 10px;padding-left: 10px; padding-right: 10px}
.p-xsb5673 i{font-size: 20px}
.p-xsb5673 .pagelayer-icon-holder{font-size: 20px}
.p-xsb5673 .pagelayer-icon-name{font-family: ; font-size: 13px !important; font-style:  !important; font-weight:  !important; font-variant:  !important; text-decoration-line:  !important; text-decoration-style:  !important; line-height: em !important; text-transform:  !important; letter-spacing: px !important; word-spacing: px !important}
}
@media (max-width: 500px){.p-xsb5673{text-align: left}
.p-xsb5673 .pagelayer-share{padding-top: 10px; padding-bottom: 10px;padding-left: 10px; padding-right: 10px}
.p-xsb5673 .pagelayer-share-content{min-height: NaNpx}
.p-xsb5673 i{font-size: 20px}
.p-xsb5673 .pagelayer-icon-holder{font-size: 20px}
.p-xsb5673 .pagelayer-icon-name{font-family: ; font-size: 13px !important; font-style:  !important; font-weight:  !important; font-variant:  !important; text-decoration-line:  !important; text-decoration-style:  !important; line-height: em !important; text-transform:  !important; letter-spacing: px !important; word-spacing: px !important}
}
</style><div class=""p-9mh2934 pagelayer-share"" pagelayer-id=""9mh2934"">
<a class=""pagelayer-ele-link"" href=""https://www.facebook.com/sharer/sharer.php?u=almuftionline.com/0016/02/29/2661/"" target=""_blank"" title=""fab fa-facebook-square"">
<div class=""pagelayer-share-content pagelayer-facebook-square"" data-icon=""fab fa-facebook-square"">
<div class=""pagelayer-icon-holder pagelayer-share-buttons"">
<i class=""pagelayer-social-fa fab fa-facebook-square""></i>
</div>
<div class=""pagelayer-icon-name"">
<span class=""pagelayer-icon-name-span"">Facebook</span>
</div>
</div>
</a></div><div class=""p-rai4926 pagelayer-share"" pagelayer-id=""rai4926"">
<a class=""pagelayer-ele-link"" href=""https://twitter.com/share?url=almuftionline.com/0016/02/29/2661/"" target=""_blank"" title=""fab fa-twitter-square"">
<div class=""pagelayer-share-content pagelayer-twitter-square"" data-icon=""fab fa-twitter-square"">
<div class=""pagelayer-icon-holder pagelayer-share-buttons"">
<i class=""pagelayer-social-fa fab fa-twitter-square""></i>
</div>
<div class=""pagelayer-icon-name"">
<span class=""pagelayer-icon-name-span"">Twitter</span>
</div>
</div>
</a></div><div class=""p-ndy3728 pagelayer-share"" pagelayer-id=""ndy3728"">
<a class=""pagelayer-ele-link"" href=""whatsapp://send?text=almuftionline.com/0016/02/29/2661/"" target=""_blank"" title=""fab fa-whatsapp"">
<div class=""pagelayer-share-content pagelayer-whatsapp"" data-icon=""fab fa-whatsapp"">
<div class=""pagelayer-icon-holder pagelayer-share-buttons"">
<i class=""pagelayer-social-fa fab fa-whatsapp""></i>
</div>
<div class=""pagelayer-icon-name"">
<span class=""pagelayer-icon-name-span"">WhatsApp</span>
</div>
</div>
</a></div></div></div></div></div></div><div class=""p-zqp4850 pagelayer-inner_row pagelayer-row-stretch-auto pagelayer-height-default"" pagelayer-id=""zqp4850"">
<style pagelayer-style-id=""zqp4850"">.p-zqp4850 .pagelayer-col-holder{padding: 10px}
.p-zqp4850 > .pagelayer-background-overlay{-webkit-transition: all 400ms !important; transition: all 400ms !important}
.p-zqp4850 .pagelayer-svg-top .pagelayer-shape-fill{fill:#227bc3}
.p-zqp4850 .pagelayer-row-svg .pagelayer-svg-top{width:100%;height:100px}
.p-zqp4850 .pagelayer-svg-bottom .pagelayer-shape-fill{fill:#e44993}
.p-zqp4850 .pagelayer-row-svg .pagelayer-svg-bottom{width:100%;height:100px}
</style>
<div class=""pagelayer-row-holder pagelayer-row pagelayer-auto pagelayer-width-auto""><div class=""p-q725202 pagelayer-col pagelayer-col-2"" pagelayer-id=""q725202"">
<style pagelayer-style-id=""q725202"">.p-q725202{align-content: center !important}
.p-q725202 .pagelayer-col-holder > div:not(:last-child){margin-bottom: 15px}
.p-q725202 > .pagelayer-background-overlay{-webkit-transition: all 400ms !important; transition: all 400ms !important}
</style>
<div class=""pagelayer-col-holder""><div class=""p-55r4448 pagelayer-post_nav"" pagelayer-id=""55r4448"">
<style pagelayer-style-id=""55r4448"">.p-55r4448 .pagelayer-post-nav-link{color:#adb5bd;font-family:  !important; font-size: 15px !important; font-style:  !important; font-weight:  !important; font-variant:  !important; text-decoration-line:  !important; text-decoration-style:  !important; line-height: em !important; text-transform:  !important; letter-spacing: px !important; word-spacing: px !important}
.p-55r4448 .pagelayer-post-nav-title{color:#000000;font-family:  !important; font-size: 18px !important; font-style:  !important; font-weight: bold !important; font-variant:  !important; text-decoration-line:  !important; text-decoration-style: Solid !important; line-height: em !important; text-transform:  !important; letter-spacing: px !important; word-spacing: px !important}
.p-55r4448 .pagelayer-post-nav-icon{color:#adb5bd;font-size:30px}
.p-55r4448 .pagelayer-post-nav-separator{display:none}
@media (max-width: 768px) and (min-width: 501px){.p-55r4448 .pagelayer-post-nav-link{font-family:  !important; font-size: 12px !important; font-style:  !important; font-weight:  !important; font-variant:  !important; text-decoration-line:  !important; text-decoration-style: Solid !important; line-height: em !important; text-transform:  !important; letter-spacing: px !important; word-spacing: px !important}
.p-55r4448 .pagelayer-post-nav-title{font-family:  !important; font-size: 15px !important; font-style:  !important; font-weight:  !important; font-variant:  !important; text-decoration-line:  !important; text-decoration-style: Solid !important; line-height: em !important; text-transform:  !important; letter-spacing: px !important; word-spacing: px !important}
}
@media (max-width: 500px){.p-55r4448 .pagelayer-post-nav-link{font-family:  !important; font-size: 12px !important; font-style:  !important; font-weight:  !important; font-variant:  !important; text-decoration-line:  !important; text-decoration-style: Solid !important; line-height: em !important; text-transform:  !important; letter-spacing: px !important; word-spacing: px !important}
.p-55r4448 .pagelayer-post-nav-title{font-family:  !important; font-size: 12px !important; font-style:  !important; font-weight:  !important; font-variant:  !important; text-decoration-line:  !important; text-decoration-style: Solid !important; line-height: em !important; text-transform:  !important; letter-spacing: px !important; word-spacing: px !important}
}
</style><div class=""pagelayer-post-nav-container"">
<div class=""pagelayer-prev-post"">
</div>
<div class=""pagelayer-post-nav-separator""></div>
<div class=""pagelayer-next-post"">
<a href=""https://almuftionline.com/0017/02/22/852/"" rel=""next""><span class=""pagelayer-next-holder"">
<span class=""pagelayer-post-nav-link""> Next</span><span class=""pagelayer-post-nav-title"">ڈی ایس پی فنڈ کا حکم</span>
</span>
<span class=""pagelayer-post-nav-icon fa fa-chevron-right""></span></a>
</div>
</div></div></div></div></div></div></div>"
